directors,rate,title,casts,detailLink,year,types,country,lang,time,moveiTime,comment_len,starts,summary,imgList,movieUrl
辛爽,9.4,漫长的季节,"范伟,秦昊,陈明昊,李庚希,刘奕铁",https://movie.douban.com/subject/35588177/,2023,"剧情,家庭,犯罪", 中国大陆, 汉语普通话,2023-04-22,51,241893,"73.8%,22.1%,3.5%,0.4%,0.2%",小城桦林，此时，出租司机王响（范伟 饰）做梦也没想到，他还有机会遇到一个他此生最想遇到，又最怕遇到的人。是仇人还是故人？遇到了，就得有交代，给自己，也给儿子。,"https://img1.doubanio.com/view/photo/sqxs/public/p2891123409.jpg,https://img9.doubanio.com/view/photo/sqxs/public/p2891390696.jpg,https://img9.doubanio.com/view/photo/sqxs/public/p2891040644.jpg,https://img1.doubanio.com/view/photo/sqxs/public/p2891390680.jpg",https://vt1.doubanio.com/202305231423/0d469e053a87311b1b89407f76bd2b10/view/movie/M/403030587.mp4
詹姆斯·古恩,8.5,银河护卫队3,"克里斯·帕拉特,佐伊·索尔达娜,戴夫·巴蒂斯塔,凯伦·吉兰,庞·克莱门捷夫",https://movie.douban.com/subject/26258779/,2023,"喜剧,动作,科幻,惊悚,冒险", 美国, 英语,2023-05-05,150,123379,"40.7%,43.2%,14.4%,1.4%,0.3%",影片承接前作，银河护卫队成员们已经在虚无知地上安顿了下来。然而，由于火箭浣熊（布莱德利·库珀 Bradley Cooper 配音）的动荡往事的侵扰，他们的生活很快被打破。“星爵”彼得·奎尔（克里斯·帕拉特 Chris Pratt 饰）依然迷失在失去卡魔拉（佐伊·索尔达娜 Zoe Saldana 饰）的痛苦中，但是他必须团结起他的团队，前往执行一项危险的任务，只为营救火箭浣熊。如果这项任务失败，那么为人熟知的银河护卫队有可能就此走向终结。,"https://img1.doubanio.com/view/photo/sqxs/public/p2891629110.jpg,https://img1.doubanio.com/view/photo/sqxs/public/p2891320598.jpg,https://img1.doubanio.com/view/photo/sqxs/public/p2891320589.jpg,https://img9.doubanio.com/view/photo/sqxs/public/p2890176896.jpg",https://vt1.doubanio.com/202305231423/31dd0a179829635f19f7188a658ef40f/view/movie/M/403020126.mp4
大鹏,7.7,保你平安,"大鹏,李雪琴,尹正,王迅,王圣迪",https://movie.douban.com/subject/35457272/,2022,"剧情,喜剧", 中国大陆, 汉语普通话,2023-03-10,112,110362,"20.7%,49.9%,25.7%,3.0%,0.8%",落魄中年魏平安（大鹏 饰）以直播带货卖墓地为生，他的客户韩露（宋茜 饰）过世后被造谣抹黑，魏平安路见不平，辟谣跑断腿，笑料频出，反转不断，而他自己也因此陷入到新的谣言和网暴之中。,"https://img1.doubanio.com/view/photo/sqxs/public/p2888739287.jpg,https://img2.doubanio.com/view/photo/sqxs/public/p2869089432.jpg,https://img2.doubanio.com/view/photo/sqxs/public/p2888305063.jpg,https://img2.doubanio.com/view/photo/sqxs/public/p2885129501.jpg",https://vt1.doubanio.com/202305231423/997a2b2d9b0cf8bc290c077a0116d2d8/view/movie/M/403010568.mp4
孔大山,8.1,宇宙探索编辑部,"杨皓宇,艾丽娅,王一通,蒋奇明,盛晨晨",https://movie.douban.com/subject/34941536/,2021,"喜剧,科幻", 中国大陆, 汉语普通话,2023-04-01,118,165652,"33.7%,43.6%,17.6%,3.5%,1.6%",唐志军（杨皓宇 饰）是一家诞生于上世纪八十年代的科幻杂志——《宇宙探索》编辑部的主编。现如今的杂志社日渐式微，唐志军也终成落魄潦倒，鳏寡孤独之人。但他却依然几十年如一日的痴迷于寻找地外文明。终于有一天，他接收到了一个疑似来自宇宙深处的异常信号，于是他召集同是天涯沦落人的伙伴们，带着那一个困惑他终生的问题，再一次踏上寻找外星人的旅途。,"https://img1.doubanio.com/view/photo/sqxs/public/p2889955038.jpg,https://img2.doubanio.com/view/photo/sqxs/public/p2832892612.jpg,https://img9.doubanio.com/view/photo/sqxs/public/p2870915986.jpg,https://img2.doubanio.com/view/photo/sqxs/public/p2889955032.jpg",https://vt1.doubanio.com/202305231423/be9aa15e6b123cb8335a39713fa5974e/view/movie/M/403020540.mp4
路易斯·莱特里尔,6.4,速度与激情10,"范·迪塞尔,米歇尔·罗德里格兹,杰森·莫玛,布丽·拉尔森,查理兹·塞隆",https://movie.douban.com/subject/26631790/,2023,"动作,悬疑,惊悚,犯罪,冒险", 美国, 英语,2023-05-17,140,31099,"8.8%,26.2%,46.3%,15.3%,3.5%",在完成了无数任务，克服了各种不可能的困难之后，唐老大（范·迪塞尔 Vin Diesel 饰）和他的家族以智慧、勇气和速度过五关斩六将，打败了一路上的所有敌人。如今，他们面对的是一名危险至极的对手：这个从过往阴影中浮出水面的具有致命威胁的人物，誓要报偿血海深仇，决心破坏这个家族，彻底摧毁唐老大所热爱的一切及其至亲至爱之人。,"https://img2.doubanio.com/view/photo/sqxs/public/p2887772372.jpg,https://img2.doubanio.com/view/photo/sqxs/public/p2887772561.jpg,https://img1.doubanio.com/view/photo/sqxs/public/p2887769987.jpg,https://img1.doubanio.com/view/photo/sqxs/public/p2889392717.jpg",https://vt1.doubanio.com/202305231423/cd0e24b25113623feb488d53dbe16c5a/view/movie/M/403040641.mp4
林冠慧,8.8,不良执念清除师,"曾敬骅,彭千祐,宋芸桦,杨谨华,姚淳耀",https://movie.douban.com/subject/35839999/,2023,"喜剧,奇幻", 中国台湾, 汉语普通话,2023-04-15,66,36604,"55.0%,34.6%,8.7%,1.1%,0.6%",高中生蒲一永（曾敬骅 饰）遭遇生死边缘的车祸后陷入昏迷，醒来后意外拥有超能力，原本无聊的生活从此产生翻天覆地的改变，与菜鸟女警官陈楮英（宋芸桦 饰），以及校内死对头曹光砚（彭千祐 饰）三人一同展开了一场奇幻又疯狂的打怪旅程。,"https://img1.doubanio.com/view/photo/sqxs/public/p2891081260.jpg,https://img1.doubanio.com/view/photo/sqxs/public/p2890344280.jpg,https://img1.doubanio.com/view/photo/sqxs/public/p2891081258.jpg,https://img1.doubanio.com/view/photo/sqxs/public/p2885470888.jpg",https://vt1.doubanio.com/202305231423/cb98b81cc88f961c65e5540de388b68e/view/movie/M/403030537.mp4
吕赢,6.0,余生，请多指教,"杨紫,肖战,翟子路,马渝捷,李沐宸",https://movie.douban.com/subject/30403219/,2022,"剧情,爱情", 中国大陆, 汉语普通话,2022-03-15,46,203663,"9.6%,20.0%,40.3%,18.5%,11.6%",故事讲述了即将毕业的音乐系元气少女林之校（杨紫 饰），不想按照父亲的安排规划人生，希望坚持自己的音乐梦想，却突遭父亲患癌的家庭变故，与正好处在事业低谷、想要放弃外科医生事业的顾魏（肖战 饰）狭路相逢的温暖治愈系故事。,"https://img2.doubanio.com/view/photo/sqxs/public/p2572758583.jpg,https://img1.doubanio.com/view/photo/sqxs/public/p2567436997.jpg,https://img9.doubanio.com/view/photo/sqxs/public/p2567438045.jpg,https://img9.doubanio.com/view/photo/sqxs/public/p2567438034.jpg",https://vt1.doubanio.com/202305231423/38edba917b6ff73952ad457610af5b21/view/movie/M/402870538.mp4
"鞠觉亮,王海岐",5.6,长月烬明,"罗云熙,白鹿,陈都灵,邓为,孙珍妮",https://movie.douban.com/subject/35501483/,2023,"剧情,爱情,奇幻,古装", 中国大陆, 汉语普通话,2023-04-06,36,159454,"12.8%,14.9%,29.7%,23.3%,19.4%",为了解救被魔神澹台烬（罗云熙 饰）统治折磨的世界，衡阳宗掌门之女黎苏苏（白鹿 饰）孤注一掷，回到五百年前，化身叶家小女儿叶夕雾，阻止彼时尚未被邪念彻底侵蚀的景国质子澹台烬成为魔神。未料澹台烬竟是叶夕雾的丈夫，二人逐渐生出情愫，最终，黎苏苏以身证道，改变了澹台烬和世界的命运。痛失所爱后，澹台烬在幽冥川畔寻找黎苏苏的元神五百年，濒临死亡时被仙门救起，从此成为了一名仙门弟子，他改过从善，更与魂牵梦萦的黎苏苏再次相逢。就在二人破镜重圆之际，澹台烬的魔胎之躯还是惹来了非议和觊觎，三界再次陷入危险。面对残酷的命运，相爱的二人在重重误会下，终是心意相通，一人成神，一人成魔，共同扭转乾坤，阻止了灭世的危机。,"https://img1.doubanio.com/view/photo/sqxs/public/p2717365479.jpg,https://img2.doubanio.com/view/photo/sqxs/public/p2717365452.jpg,https://img2.doubanio.com/view/photo/sqxs/public/p2717365462.jpg,https://img9.doubanio.com/view/photo/sqxs/public/p2717365396.jpg",https://vt1.doubanio.com/202305231423/c0af33331f5957e1844a1287739bc58c/view/movie/M/403020783.mp4
刘晓世,6.6,长空之王,"王一博,胡军,周冬雨,于适,卜钰",https://movie.douban.com/subject/35209731/,2023,"剧情,动作", 中国大陆, 汉语普通话,2023-04-28,127,145041,"16.7%,27.9%,34.6%,10.7%,10.2%",雷宇（王一博 饰）等优秀飞行员经过严苛选拔正式成为试飞员，他们在队长张挺（胡军 饰）的带领下，参与到了最新型战机的试飞。高空之上，发动机骤停甚至失火，飞机失去控制……他们一次次与死神过招，只为获取最极限的数据。随着战机交付日期的临近，任务难度逐渐升级，他们能否凯旋……,"https://img1.doubanio.com/view/photo/sqxs/public/p2880257369.jpg,https://img9.doubanio.com/view/photo/sqxs/public/p2880257374.jpg,https://img9.doubanio.com/view/photo/sqxs/public/p2880897286.jpg,https://img2.doubanio.com/view/photo/sqxs/public/p2880897282.jpg",https://vt1.doubanio.com/202305231423/f6eab987d19f341e50fdb78ba18ea6c7/view/movie/M/403030613.mp4
程小东,4.5,诛仙1,"肖战,李沁,孟美岐,唐艺昕,刘端端",https://movie.douban.com/subject/25779217/,2019,"爱情,奇幻,古装", 中国大陆, 汉语普通话,2019-09-13,101,367850,"10.0%,8.0%,18.9%,23.7%,39.4%",草庙村被屠，少年张小凡双亲离世，被青云门大竹峰收留。机缘巧合之下，他习得佛门天音功法，又意外获得魔教法器烧火棍，踏上强者之路的同时，也让他陷入了巨大的危机。至魔法器的现世，与陆雪琪、碧瑶、田灵儿三个女生间命运的交错，都让他原本单纯的人生轨迹充满变数。一个勇者驳斥命运的传奇之旅就此展开......,"https://img2.doubanio.com/view/photo/sqxs/public/p2573911572.jpg,https://img9.doubanio.com/view/photo/sqxs/public/p2563531706.jpg,https://img2.doubanio.com/view/photo/sqxs/public/p2568839901.jpg,https://img9.doubanio.com/view/photo/sqxs/public/p2568020816.jpg",https://vt1.doubanio.com/202305231423/ec5b6724ba59f899c09e27915fc47515/view/movie/M/402520072.mp4
游达志,7.3,云襄传,"陈晓,毛晓彤,唐晓天,许龄月,刘冠麟",https://movie.douban.com/subject/35136858/,2023,"剧情,武侠,古装", 中国大陆, 汉语普通话,2023-05-01,27587490,34722,"22.1%,37.1%,28.3%,8.8%,3.8%","云台弟子云襄苦修十年步入江湖。在闯荡江湖的过程中，云襄结识了几位好友，逐渐体会到了友谊的温暖。舒亚男这位古怪精灵、聪慧机警的女子，更是让云襄产生了朦胧的情愫。意气风发的云襄和朋友们度过了一段快意恩仇的时光。可是好景不长，随着对昔日灭族惨案的深入调查，云襄挖出了更多骇人听闻的秘密，事态开始急转直下。他先后经历了欺骗、背叛与生死离别，又意识到曾以造福苍生为己任的云台早已堕落，云襄决定挺身而出,捍卫心中的正义，哪怕是牺牲自己也在所不惜。","https://img2.doubanio.com/view/photo/sqxs/public/p2753679033.jpg,https://img2.doubanio.com/view/photo/sqxs/public/p2753679113.jpg,https://img1.doubanio.com/view/photo/sqxs/public/p2868229350.jpg,https://img9.doubanio.com/view/photo/sqxs/public/p2753681714.jpg",https://vt1.doubanio.com/202305231423/4370359ae3e51e56280bd2f2d0b07bca/view/movie/M/403030736.mp4
杨振宇,6.3,斗罗大陆,"肖战,吴宣仪,辰亦儒,邱心志,钟镇涛",https://movie.douban.com/subject/30313969/,2021,古装, 中国大陆, 汉语普通话,2021-02-05,34,547212,"31.0%,18.0%,15.1%,7.7%,28.1%",万中无一的天才少年唐三与酗酒的铁匠父亲唐昊相依为命，唐三渴望母爱，但唐昊始终对妻子之事守口如瓶。直到唐三的双生武魂觉醒，父亲才告诉他只有成为斗罗大陆的至强至勇，拥有强大的实力和内心，才有资格承受母亲的消息。,"https://img9.doubanio.com/view/photo/sqxs/public/p2632443954.jpg,https://img9.doubanio.com/view/photo/sqxs/public/p2632443956.jpg,https://img2.doubanio.com/view/photo/sqxs/public/p2632446662.jpg,https://img9.doubanio.com/view/photo/sqxs/public/p2632443955.jpg",https://vt1.doubanio.com/202305231423/37549b2e1df2dacb8305dad249f9da2e/view/movie/M/402710656.mp4
程耳,6.6,无名,"梁朝伟,王一博,周迅,黄磊,森博之",https://movie.douban.com/subject/35372742/,2023,"剧情,悬疑,历史", 中国大陆," 汉语普通话 , 沪语 , 粤语 , 日语",2023-01-22,128,336932,"14.2%,28.2%,37.4%,13.5%,6.6%",影片通过对上世纪二十年代开始奋斗在上海的中国共产党领导下的中共特科，在隐蔽战线与各方势力殊死较量过程的再现，表现了在走向胜利过程中不可或缺的党的秘密战线上那些无名英雄，他们不可取代的贡献。全面抗战爆发后，中国共产党领导的中共特科在上海周旋于重庆、汪伪、日本间谍机构之间，通过错综复杂的敌后情报系统，策反敌人，获取情报，诛杀汉奸，建立更广泛的统一战线，直至抗战胜利的前夜…...,"https://img2.doubanio.com/view/photo/sqxs/public/p2886500733.jpg,https://img9.doubanio.com/view/photo/sqxs/public/p2886500734.jpg,https://img9.doubanio.com/view/photo/sqxs/public/p2886144886.jpg,https://img1.doubanio.com/view/photo/sqxs/public/p2886144889.jpg",https://vt1.doubanio.com/202305231423/9f133df676fcc93617d44ed2e97d5826/view/movie/M/403000020.mp4
郭帆,8.3,流浪地球2,"吴京,刘德华,李雪健,沙溢,宁理",https://movie.douban.com/subject/35267208/,2023,"科幻,冒险,灾难", 中国大陆," 汉语普通话 , 俄语 , 英语 , 印地语 , 法语",2023-01-22,173,500877,"44.4%,34.1%,16.2%,3.7%,1.6%",太阳即将毁灭，人类在地球表面建造出巨大的推进器，寻找新的家园。然而宇宙之路危机四伏，为了拯救地球，流浪地球时代的年轻人再次挺身而出，展开争分夺秒的生死之战。,"https://img2.doubanio.com/view/photo/sqxs/public/p2886492513.jpg,https://img1.doubanio.com/view/photo/sqxs/public/p2886492518.jpg,https://img9.doubanio.com/view/photo/sqxs/public/p2886547585.jpg,https://img1.doubanio.com/view/photo/sqxs/public/p2886492517.jpg",https://vt1.doubanio.com/202305231423/69418d720a9921f478214288ac327513/view/movie/M/402990927.mp4
"郑伟文,陈家霖",7.7,陈情令,"肖战,王一博,孟子义,宣璐,于斌",https://movie.douban.com/subject/27195020/,2019,"剧情,古装", 中国大陆, 汉语普通话,2019-06-27,55,859050,"44.8%,25.8%,11.9%,3.8%,13.6%",十六年前，天下五分，姑苏蓝氏，云梦江氏，清河聂氏，岐山温氏，兰陵金氏共治天下。温氏一家独大，其余四家均受其苦。众家青年中，江氏故人之子魏无羡性格开朗，和以雅正闻名的姑苏蓝氏弟子蓝忘机相识并引为知己。一次偶然的机会，二人发现了蓝氏一直以来守护的秘密，二人继承遗志，为苍生消除隐患。但没想到一切的幕后黑手正是温氏家主温若寒。众家不堪其辱，合力讨伐温氏。温氏覆灭后，魏无羡却为保护温氏无辜之人不惜与众家对立，最终被奸人所害酿成大祸，误害师姐江厌离，自己也不知所踪。十六年后，消失已久的魏无羡出现在莫家庄，偶遇故人蓝忘机。莫家庄一桩桩诡异的凶案显得扑朔迷离。随着真相一步步揭开，身处幕后的金光瑶渐渐难以隐藏。最后金光瑶身死，蓝忘机承担起了匡扶天下的使命，而魏无羡不忘初心，最终潇洒世间。,"https://img2.doubanio.com/view/photo/sqxs/public/p2527086612.jpg,https://img1.doubanio.com/view/photo/sqxs/public/p2560920669.jpg,https://img9.doubanio.com/view/photo/sqxs/public/p2560920686.jpg,https://img1.doubanio.com/view/photo/sqxs/public/p2527086590.jpg,https://img1.doubanio.com/view/photo/sqxs/public/p2562811758.jpg",0
张艺谋,7.1,满江红,"沈腾,易烊千玺,张译,雷佳音,岳云鹏",https://movie.douban.com/subject/35766491/,2023,"剧情,喜剧,悬疑,古装", 中国大陆," 汉语普通话 , 中国手语",2023-01-22,159,388696,"17.8%,36.9%,31.5%,8.3%,5.4%",南宋绍兴年间，岳飞死后四年，秦桧率兵与金国会谈。会谈前夜，金国使者死在宰相驻地，所携密信也不翼而飞。小兵张大（沈腾 饰）与亲兵营副统领孙均（易烊千玺 饰）机缘巧合被裹挟进这巨大阴谋之中，宰相秦桧（雷佳音 饰）命两人限一个时辰之内找到凶手。伴随危机四伏的深入调查，宰相府总管何立（张译 饰）、副总管武义淳（岳云鹏 饰）、舞姬瑶琴（王佳怡 饰）等人卷入局中，案件的背后似乎隐藏着一场更大的阴谋。局中有局、人心叵测，一夜之间风云变幻，各方势力暗流涌动……,"https://img9.doubanio.com/view/photo/sqxs/public/p2885657454.jpg,https://img9.doubanio.com/view/photo/sqxs/public/p2886218405.jpg,https://img9.doubanio.com/view/photo/sqxs/public/p2886437416.jpg,https://img1.doubanio.com/view/photo/sqxs/public/p2886437420.jpg",https://vt1.doubanio.com/202305231423/d8644bbe15038299f9b0c8806d896488/view/movie/M/402990748.mp4
"何澍培,程箓,曾晓禹",7.3,护心,"侯明昊,周也,王以纶,陈欣予,左叶",https://movie.douban.com/subject/35248698/,2023,"爱情,奇幻,古装", 中国大陆, 汉语普通话,2023-05-09,27148548,18605,"21.5%,39.4%,26.8%,8.1%,4.3%",本剧改编自九鹭非香同名小说《护心》，故事讲述了千年灵龙天曜（侯明昊 饰）于大婚之日被至爱之人素影抽筋剥骨，五行之力将龙身封印各处，其中散落的护心鳞意外落在先天心口残缺的玄门修仙少女雁回（周也 饰）身上，她心中因带有他的护心鳞而心怀龙血，能助他破开封印。于是天曜开始利用雁回，赤诚灵龙与鬼马痞飒少女由此展开甜虐交织的命定纠葛，二人历经种种，齐心协力寻回龙身。,"https://img9.doubanio.com/view/photo/sqxs/public/p2755445526.jpg,https://img9.doubanio.com/view/photo/sqxs/public/p2892320005.jpg,https://img1.doubanio.com/view/photo/sqxs/public/p2755445530.jpg,https://img1.doubanio.com/view/photo/sqxs/public/p2755450408.jpg",https://vt1.doubanio.com/202305231423/ca90d4ee244ca18a368f7b618f7f73c2/view/movie/M/403040123.mp4
易小星,6.3,人生路不熟,"乔杉,范丞丞,马丽,张婧仪,常远",https://movie.douban.com/subject/35653205/,2023,"剧情,喜剧", 中国大陆, 汉语普通话,2023-04-28,100,56308,"10.0%,24.3%,44.1%,15.8%,5.8%",车队大佬周东海（乔杉 饰）和老婆霍梅梅（马丽 饰）阴差阳错地与女儿周微雨（张婧仪 饰）及女儿的男朋友万一帆（范丞丞 饰）同行自驾，踏上人生路不熟的探亲之旅，周东海决定借此机会给准女婿来一场全方位无死角的考察，万一帆也用生命演绎了什么叫做教科书级翻车。一路上先后遭遇周东海死对头“添堵专业户”贾主任（田雨 饰）的房车事故、微雨“青梅竹马”光子（常远 饰）的“野鸡”山庄醉酒闹剧、捉拿公路贼团“油耗子”的围堵大战，鸡飞狗跳的探亲之旅窘态百出，爆笑不断！,"https://img9.doubanio.com/view/photo/sqxs/public/p2889874754.jpg,https://img2.doubanio.com/view/photo/sqxs/public/p2889874752.jpg,https://img9.doubanio.com/view/photo/sqxs/public/p2889874755.jpg,https://img2.doubanio.com/view/photo/sqxs/public/p2890911552.jpg",https://vt1.doubanio.com/202305231424/72e5569fee5550e8aa517b6927d89236/view/movie/M/403030959.mp4
井上雄彦,8.9,灌篮高手,"仲村宗悟,笠间淳,木村昴,神尾晋一郎,三宅健太",https://movie.douban.com/subject/35315950/,2022,"动画,运动", 日本, 日语,2023-04-20,124,125304,"60.1%,29.5%,8.8%,1.1%,0.5%",这一天，身材高大，对篮球有着无限执着的赤木刚宪（三宅健太 配音）、从高一起就担任球队主力的超级新星流川枫（神尾晋一郎 配音）、初中时代曾获得MVP荣誉，在高中时代重新拾起了对篮球的热情的三井寿（笠间淳 配音）、身材矮小却拥有着惊人的速度和高超的运球技巧的宫城良田（仲村宗悟 配音），以及高中时代才开始接触篮球，却拥有着强大的爆发力和无限潜力的樱木花道（木村昴 配音），湘北篮球队的这五人终于站上了全国大赛的赛场，他们所要面对的，是日本最强球队山王工业。,"https://img2.doubanio.com/view/photo/sqxs/public/p2891025993.jpg,https://img1.doubanio.com/view/photo/sqxs/public/p2884650977.jpg,https://img9.doubanio.com/view/photo/sqxs/public/p2882901974.jpg,https://img9.doubanio.com/view/photo/sqxs/public/p2890297134.jpg",https://vt1.doubanio.com/202305231424/f11d823acd1df4616087df13e987afb5/view/movie/M/403030393.mp4
刘进,7.0,平凡之路,"郭麒麟,金晨,晏紫东,朱珠,张子贤",https://movie.douban.com/subject/35555996/,2023,"剧情,喜剧", 中国大陆, 汉语普通话,2023-05-03,66,14150,"17.1%,34.4%,33.5%,10.4%,4.6%",该剧讲述了以潘岩、左娜、舒一南为代表的初入职场的打工人，在行业资深前辈的带领下，于职场和生活的路上守望初心，在平凡中创造不凡的“奋逗”故事。,"https://img9.doubanio.com/view/photo/sqxs/public/p2891183284.jpg,https://img1.doubanio.com/view/photo/sqxs/public/p2891182349.jpg,https://img1.doubanio.com/view/photo/sqxs/public/p2891183287.jpg,https://img2.doubanio.com/view/photo/sqxs/public/p2891182331.jpg",https://vt1.doubanio.com/202305231424/03d9b26940c590c3b65977e77cb2c89a/view/movie/M/403030825.mp4
詹姆斯·古恩,8.1,银河护卫队,"克里斯·帕拉特,佐伊·索尔达娜,戴夫·巴蒂斯塔,范·迪塞尔,布莱德利·库珀",https://movie.douban.com/subject/7065154/,2014,"动作,科幻,冒险", 美国, 英语,2014-10-10,121,120621,"29.7%,48.7%,19.4%,1.8%,0.4%",彼得·奎尔（克里斯·帕拉特 Chris Pratt 饰）是一名从小被劫持到外太空的地球人，在义父勇度（迈克尔·鲁克 Michael Rooker 饰）的培养下成了一个终极混混，自称“星爵”。一次行动中他偷了一块神秘球体，便成为了赏金猎人火箭浣熊（布莱德利·库珀  Bradley Cooper 配音）、树人格鲁特（范·迪塞尔 Vin Diesel 配音）的绑架目标，而神秘的卡魔拉（佐伊·索尔达娜 Zoe Saldana 饰）也对神秘球体势在必得。经过笑料百出的坎坷遭遇，星爵被迫和这三人，以及复仇心切的“毁灭者”德拉克斯（戴夫·巴蒂斯塔 Dave Bautista 饰）组成小分队逃避“指控者”罗南（李·佩斯 Lee Pace 饰）的追杀。然而这个神秘球体拥有无穷的力量，小分队必须团结一致对付罗南，才有可能解救整个银河系，银河护卫队由此诞生。,"https://img1.doubanio.com/view/photo/sqxs/public/p2195067508.jpg,https://img1.doubanio.com/view/photo/sqxs/public/p2195067518.jpg,https://img2.doubanio.com/view/photo/sqxs/public/p2198819082.jpg,https://img1.doubanio.com/view/photo/sqxs/public/p2327952849.jpg",https://vt1.doubanio.com/202305231424/129828ed75925ebe4a7f5e6fb1dd899d/view/movie/M/301630363.mp4
弗兰克·德拉邦特,9.7,肖申克的救赎,"蒂姆·罗宾斯,摩根·弗里曼,鲍勃·冈顿,威廉姆·赛德勒,克兰西·布朗",https://movie.douban.com/subject/1292052/,1994,"剧情,犯罪", 美国, 英语,1994-09-10,142,560129,"85.9%,12.7%,1.2%,0.1%,0.1%",一场谋杀案使银行家安迪（蒂姆•罗宾斯 Tim Robbins 饰）蒙冤入狱，谋杀妻子及其情人的指控将囚禁他终生。在肖申克监狱的首次现身就让监狱“大哥”瑞德（摩根•弗里曼 Morgan Freeman 饰）对他另眼相看。瑞德帮助他搞到一把石锤和一幅女明星海报，两人渐成患难 之交。很快，安迪在监狱里大显其才，担当监狱图书管理员，并利用自己的金融知识帮助监狱官避税，引起了典狱长的注意，被招致麾下帮助典狱长洗黑钱。偶然一次，他得知一名新入狱的小偷能够作证帮他洗脱谋杀罪。燃起一丝希望的安迪找到了典狱长，希望他能帮自己翻案。阴险伪善的狱长假装答应安迪，背后却派人杀死小偷，让他唯一能合法出狱的希望泯灭。沮丧的安迪并没有绝望，在一个电闪雷鸣的风雨夜，一场暗藏几十年的越狱计划让他自我救赎，重获自由！老朋友瑞德在他的鼓舞和帮助下，也勇敢地奔向自由。,"https://img2.doubanio.com/view/photo/sqxs/public/p2561714803.jpg,https://img1.doubanio.com/view/photo/sqxs/public/p456482220.jpg",https://vt1.doubanio.com/202305231424/bab02a813b1d93e4e6b2215e152b9cce/view/movie/M/402590258.mp4
盖·里奇,7.1,盟约,"杰克·吉伦哈尔,达尔·萨利姆,肖恩·萨加尔,杰森·王,里斯·耶茨",https://movie.douban.com/subject/35722688/,2023,"动作,惊悚,战争"," 英国 , 西班牙 , 美国", 英语,2023-04-21,123,7748,"18.6%,39.2%,30.0%,4.7%,7.5%",美军中士约翰·金利（杰克·吉伦哈尔 饰）最后一次在阿富汗执行任务，和当地翻译艾哈迈德一起调查该地区。他们的部队在巡逻中遭到伏击，两人成为唯一的幸存者，在敌人的追击下，艾哈迈德冒着生命危险带着受伤的金利穿过数英里的岖崎地形到达安全地带。回到美国本土后，金利得知艾哈迈德和其家人并没有像承诺的那样获准前往美国，他决心保护这个朋友并报恩，重回战区在当地民兵到达之前救出艾哈迈德一家。,"https://img1.doubanio.com/view/photo/sqxs/public/p2887388708.jpg,https://img1.doubanio.com/view/photo/sqxs/public/p2887388707.jpg,https://img9.doubanio.com/view/photo/sqxs/public/p2891807356.jpg,https://img9.doubanio.com/view/photo/sqxs/public/p2887388705.jpg",https://vt1.doubanio.com/202305231424/c10ad486813cdfd0099d3e243e0161e2/view/movie/M/403020555.mp4
徐昂,7.7,忠犬八公,"大黄,冯小刚,陈冲,白举纲,黄楚桐",https://movie.douban.com/subject/26999802/,2023,剧情, 中国大陆, 汉语普通话,2023-03-31,124,39411,"22.6%,43.9%,28.7%,3.7%,1.2%",这是一只小狗感动全球数亿人的故事。,"https://img1.doubanio.com/view/photo/sqxs/public/p2890075567.jpg,https://img2.doubanio.com/view/photo/sqxs/public/p2888698683.jpg,https://img2.doubanio.com/view/photo/sqxs/public/p2888698682.jpg,https://img1.doubanio.com/view/photo/sqxs/public/p2890100647.jpg",https://vt1.doubanio.com/202305231424/8f37215a43615cd73b166c9ec25a61df/view/movie/M/403020468.mp4
安吉镐,9.1,黑暗荣耀 第二季,"宋慧乔,李到晛,林智妍,郑成日,廉惠兰",https://movie.douban.com/subject/36193784/,2023,"剧情,悬疑", 韩国, 韩语,2023-03-10,55,135580,"62.2%,30.2%,6.6%,0.7%,0.4%",“欢迎来到我的地狱”。文东恩精心策划的复仇大计即将开始。,"https://img1.doubanio.com/view/photo/sqxs/public/p2889227549.jpg,https://img1.doubanio.com/view/photo/sqxs/public/p2889065859.jpg,https://img1.doubanio.com/view/photo/sqxs/public/p2889050760.jpg,https://img1.doubanio.com/view/photo/sqxs/public/p2888847218.jpg",https://vt1.doubanio.com/202305231424/2a86df01a5038bec85f40728757e4d5e/view/movie/M/403010215.mp4
詹姆斯·古恩,8.0,银河护卫队2,"克里斯·帕拉特,佐伊·索尔达娜,戴夫·巴蒂斯塔,范·迪塞尔,布莱德利·库珀",https://movie.douban.com/subject/25937854/,2017,"动作,科幻,冒险", 美国, 英语,2017-05-05,136,116267,"27.0%,47.1%,22.9%,2.5%,0.4%",火箭浣熊（布莱德利·库珀 Bradley Cooper 配音）偷走了大祭司阿耶莎（伊丽莎白·德比齐 Elizabeth Debicki 饰）的能量电池，包括星爵（克里斯·帕拉特 Chris Pratt 饰）、卡魔拉（佐伊·索尔达娜 Zoe Saldana 饰）、德拉克斯（戴夫·巴蒂斯塔 Dave Bautista 饰）在内的一行人遭到了后者派出的舰队的袭击。一个神秘人物乘坐着飞船救下了银河护卫队的众人，而驾驶着飞船的不是别人，竟然正是星爵的亲生父亲伊戈（库尔特·拉塞尔 Kurt Russell 饰）。,"https://img2.doubanio.com/view/photo/sqxs/public/p2457688801.jpg,https://img1.doubanio.com/view/photo/sqxs/public/p2404216059.jpg,https://img1.doubanio.com/view/photo/sqxs/public/p2458065450.jpg,https://img9.doubanio.com/view/photo/sqxs/public/p2457692094.jpg",https://vt1.doubanio.com/202305231424/63ea85e13340f3e56b8162ed0d87e30c/view/movie/M/302160536.mp4
丁英洲,7.1,你给我的喜欢,"王玉雯,王子奇,李川,马心瑞,陈鑫海",https://movie.douban.com/subject/35732451/,2023,剧情, 中国大陆, 汉语普通话,2023-04-24,27618756,12049,"17.0%,33.3%,38.8%,8.5%,2.4%",该剧改编自施定柔的同名小说，讲述了闵慧与辛旗相知相爱，却因一场误会两人不欢而散。 多年后，闵慧与辛旗重逢，两个人在职场上、生活中上演了一幕幕甜虐情深的故事。,"https://img2.doubanio.com/view/photo/sqxs/public/p2875367642.jpg,https://img9.doubanio.com/view/photo/sqxs/public/p2875367644.jpg,https://img1.doubanio.com/view/photo/sqxs/public/p2891094238.jpg,https://img1.doubanio.com/view/photo/sqxs/public/p2891094149.jpg",https://vt1.doubanio.com/202305231424/c3e53ffacca75644a3df15da1cec4b6d/view/movie/M/403030469.mp4
詹姆斯·卡梅隆,9.5,泰坦尼克号,"莱昂纳多·迪卡普里奥,凯特·温丝莱特,比利·赞恩,凯西·贝茨,弗兰西丝·费舍",https://movie.douban.com/subject/1292722/,1997,"剧情,爱情,灾难"," 美国 , 墨西哥"," 英语 , 意大利语 , 德语 , 俄语",1998-04-03,194,436090,"76.5%,20.2%,3.0%,0.2%,0.1%",1912年4月10日，号称 “世界工业史上的奇迹”的豪华客轮泰坦尼克号开始了自己的处女航，从英国的南安普顿出发驶往美国纽约。富家少女罗丝（凯特•温丝莱特）与母亲及未婚夫卡尔坐上了头等舱；另一边，放荡不羁的少年画家杰克（莱昂纳多·迪卡普里奥）也在码头的一场赌博中赢得了下等舱的船票。,"https://img1.doubanio.com/view/photo/sqxs/public/p457867960.jpg,https://img2.doubanio.com/view/photo/sqxs/public/p457875621.jpg",https://vt1.doubanio.com/202305231424/55f9556f71f013cb281b871537e98a54/view/movie/M/403020063.mp4
黄元达,4.7,超星星学园,"肖战,王玉雯,白澍,彭楚粤,伍嘉成",https://movie.douban.com/subject/26765418/,2016,"剧情,爱情,奇幻", 中国大陆, 汉语普通话,2016-09-29,66,38766,"14.2%,8.4%,21.1%,9.2%,47.1%",统领十二星座的方氏一族是当今世界上最强大的家族，而本该继承统领之位的狮子座万适存（白澍 饰）却遭到了方太太的陷害，她派出刺客企图除掉万适存，并且大力扶持自己的儿子方天泽（肖战 饰）上位。,"https://img9.doubanio.com/view/photo/sqxs/public/p2674559225.jpg,https://img2.doubanio.com/view/photo/sqxs/public/p2674558621.jpg,https://img2.doubanio.com/view/photo/sqxs/public/p2674558313.jpg,https://img2.doubanio.com/view/photo/sqxs/public/p2823965572.jpg,https://img9.doubanio.com/view/photo/sqxs/public/p2823965234.jpg",0
"亚伦·霍瓦斯,迈克尔·杰勒尼克",8.0,超级马力欧兄弟大电影,"克里斯·帕拉特,安雅·泰勒-乔伊,查理·戴,杰克·布莱克,科甘-迈克尔·凯",https://movie.douban.com/subject/27199894/,2023,"喜剧,爱情,科幻,动画,奇幻,冒险"," 美国 , 日本", 英语,2023-04-05,92,40348,"29.5%,42.7%,24.8%,2.6%,0.3%",马力欧（克里斯·帕拉特 Chris Pratt 配音）和路易吉（查理·戴 Charlie Day 饰）是生活在布鲁克林的两名水管工，他们刚刚成立了自己的小公司，但很显然，他们的家人并不完全支持兄弟两人的这份事业。某日，在工作中，马力欧和路易吉被水管吸入到了一个光怪陆离的世界之中，两人在旅途中被迫分开，马力欧来到了由碧姬公主（安雅·泰勒-乔伊 Anya Taylor-Joy 配音）统治的蘑菇王国，而路易吉则不幸的被传送到了由酷霸王（杰克·布莱克 Jack Black 配音）统治的库巴王国。,"https://img9.doubanio.com/view/photo/sqxs/public/p2890283355.jpg,https://img2.doubanio.com/view/photo/sqxs/public/p2881470691.jpg,https://img9.doubanio.com/view/photo/sqxs/public/p2886033364.jpg,https://img2.doubanio.com/view/photo/sqxs/public/p2890283351.jpg",https://vt1.doubanio.com/202305231424/1cd94096bad242c966f2373b791ce8ab/view/movie/M/403010848.mp4
宫崎骏,9.4,千与千寻,"柊瑠美,入野自由,夏木真理,菅原文太,中村彰男",https://movie.douban.com/subject/1291561/,2001,"剧情,动画,奇幻", 日本, 日语,2019-06-21,125,410528,"73.4%,23.0%,3.3%,0.2%,0.1%",千寻和爸爸妈妈一同驱车前往新家，在郊外的小路上不慎进入了神秘的隧道——他们去到了另外一个诡异世界—一个中世纪的小镇。远处飘来食物的香味，爸爸妈妈大快朵颐，孰料之后变成了猪！这时小镇上渐渐来了许多样子古怪、半透明的人。,"https://img9.doubanio.com/view/photo/sqxs/public/p2512318945.jpg,https://img9.doubanio.com/view/photo/sqxs/public/p2563777035.jpg",https://vt1.doubanio.com/202305231424/3ce6c60893dae5eed5df6215194d4c5d/view/movie/M/402480761.mp4
文牧野,9.0,我不是药神,"徐峥,王传君,周一围,谭卓,章宇",https://movie.douban.com/subject/26752088/,2018,"剧情,喜剧", 中国大陆," 汉语普通话 , 英语 , 上海话 , 印地语",2018-07-05,117,536318,"58.7%,33.7%,6.9%,0.5%,0.2%",普通中年男子程勇（徐峥 饰）经营着一家保健品店，失意又失婚。不速之客吕受益（王传君 饰）的到来，让他开辟了一条去印度买药做“代购”的新事业，虽然困难重重，但他在这条“买药之路”上发现了商机，一发不可收拾地做起了治疗慢粒白血病的印度仿制药独家代理商。赚钱的同时，他也认识了几个病患及家属，为救女儿被迫做舞女的思慧（谭卓 饰）、说一口流利“神父腔”英语的刘牧师（杨新鸣 饰），以及脾气暴烈的“黄毛”（章宇 饰），几个人合伙做起了生意，利润倍增的同时也危机四伏。程勇昔日的小舅子曹警官（周一围 饰）奉命调查仿制药的源头，假药贩子张长林（王砚辉 饰）和瑞士正牌医药代表（李乃文 饰）也对其虎视眈眈，生意逐渐变成了一场关于救赎的拉锯战。,"https://img2.doubanio.com/view/photo/sqxs/public/p2527182531.jpg,https://img1.doubanio.com/view/photo/sqxs/public/p2523632239.jpg",https://vt1.doubanio.com/202305231424/e8a0dead1d3a5d7f6aaadbf2f57f2863/view/movie/M/402330315.mp4
"拜伦·霍华德,瑞奇·摩尔,杰拉德·布什",9.2,疯狂动物城,"金妮弗·古德温,杰森·贝特曼,伊德里斯·艾尔巴,珍妮·斯蕾特,内特·托伦斯",https://movie.douban.com/subject/25662329/,2016,"喜剧,动画,冒险", 美国," 英语 , 挪威语",2016-03-04,109,385528,"66.2%,29.1%,4.5%,0.2%,0.1%",故事发生在一个所有哺乳类动物和谐共存的美好世界中，兔子朱迪（金妮弗·古德温 Ginnifer Goodwin 配音）从小就梦想着能够成为一名惩恶扬善的刑警，凭借着智慧和努力，朱迪成功的从警校中毕业进入了疯狂动物城警察局，殊不知这里是大型肉食类动物的领地，作为第一只，也是唯一的小型食草类动物，朱迪会遇到怎样的故事呢？,"https://img1.doubanio.com/view/photo/sqxs/public/p2277484017.jpg,https://img2.doubanio.com/view/photo/sqxs/public/p2277484043.jpg,https://img2.doubanio.com/view/photo/sqxs/public/p2306456091.jpg,https://img9.doubanio.com/view/photo/sqxs/public/p2277484016.jpg",https://vt1.doubanio.com/202305231424/8a87b3df4483037765d2b721e5b6e24e/view/movie/M/301910795.mp4
贾玲,7.7,你好，李焕英,"贾玲,张小斐,沈腾,陈赫,刘佳",https://movie.douban.com/subject/34841067/,2021,"剧情,喜剧,奇幻", 中国大陆, 汉语普通话,2021-02-12,128,530416,"23.4%,45.0%,27.1%,3.6%,0.9%",2001年的某一天，刚刚考上大学的贾晓玲（贾玲 饰）经历了人生中的一次大起大落。一心想要成为母亲骄傲的她却因母亲突遭严重意外，而悲痛万分。在贾晓玲情绪崩溃的状态下，竟意外的回到了1981年，并与年轻的母亲李焕英（张小斐 饰）相遇，二人形影不离，宛如闺蜜。与此同时，也结识了一群天真善良的好朋友。晓玲以为来到了这片“广阔天地”，她可以凭借自己超前的思维，让母亲“大有作为”，但结果却让晓玲感到意外......,"https://img9.doubanio.com/view/photo/sqxs/public/p2631551315.jpg,https://img9.doubanio.com/view/photo/sqxs/public/p2622408445.jpg",https://vt1.doubanio.com/202305231424/4ba15ce9ee849683aab051493ccbb566/view/movie/M/402710736.mp4
"徐纪周,冯轩,陈伟雄",8.5,狂飙,"张译,张颂文,李一桐,张志坚,吴刚",https://movie.douban.com/subject/35465232/,2023,"剧情,犯罪", 中国大陆, 汉语普通话,2023-01-14,55,269193,"40.2%,45.4%,12.6%,1.3%,0.5%",京海市一线刑警安欣（张译  饰），在与黑恶势力的斗争中，不断遭到保护伞的打击，始终无法将犯罪分子绳之以法。全国政法队伍教育整顿工作开展后，临江省派出指导组入驻京海，联合公检法司各部门，清除了政法队伍内部的腐败分子，粉碎了黑恶势力的保护伞，一举铲除了盘踞京海多年的强盛集团。,"https://img1.doubanio.com/view/photo/sqxs/public/p2886992347.jpg,https://img2.doubanio.com/view/photo/sqxs/public/p2886485122.jpg,https://img1.doubanio.com/view/photo/sqxs/public/p2886485078.jpg,https://img9.doubanio.com/view/photo/sqxs/public/p2887017035.jpg",https://vt1.doubanio.com/202305231424/bb79024aad6768fa23c95878543b327f/view/movie/M/402990742.mp4
"约翰·弗朗西斯·戴利,乔纳森·戈尔茨坦",7.6,龙与地下城：侠盗荣耀,"克里斯·派恩,米歇尔·罗德里格兹,雷吉-让·佩吉,贾斯蒂斯·史密斯,索菲娅·莉莉丝",https://movie.douban.com/subject/26584673/,2023,"动作,奇幻,冒险"," 美国 , 加拿大", 英语,2023-03-31,134,42846,"15.9%,51.7%,29.8%,2.3%,0.3%",艾德金（克里斯·派恩 Chris Pine 饰）是一名吟游诗人，在一次盗宝行动中，他的贪婪导致了妻子的死亡。之后，野蛮人霍尔盖（米歇尔·罗德里格兹 Michelle Rodriguez 饰）出现在了颓废的艾德金身边，和他共同抚养女儿琪拉（克洛伊·科尔曼 Chloe Coleman 饰）。,"https://img9.doubanio.com/view/photo/sqxs/public/p2888384164.jpg,https://img1.doubanio.com/view/photo/sqxs/public/p2888435757.jpg,https://img1.doubanio.com/view/photo/sqxs/public/p2888384168.jpg,https://img2.doubanio.com/view/photo/sqxs/public/p2889602532.jpg",https://vt1.doubanio.com/202305231424/a2d24234537a7287cfd5bc55ef2c648b/view/movie/M/403010710.mp4
饺子,8.4,哪吒之魔童降世,"吕艳婷,囧森瑟夫,瀚墨,陈浩,绿绮",https://movie.douban.com/subject/26794435/,2019,"剧情,喜剧,动画,奇幻", 中国大陆, 汉语普通话,2019-07-26,110,617366,"42.4%,39.1%,15.6%,2.2%,0.8%",天地灵气孕育出一颗能量巨大的混元珠，元始天尊将混元珠提炼成灵珠和魔丸，灵珠投胎为人，助周伐纣时可堪大用；而魔丸则会诞出魔王，为祸人间。元始天尊启动了天劫咒语，3年后天雷将会降临，摧毁魔丸。太乙受命将灵珠托生于陈塘关李靖家的儿子哪吒身上。然而阴差阳错，灵珠和魔丸竟然被掉包。本应是灵珠英雄的哪吒却成了混世大魔王。调皮捣蛋顽劣不堪的哪吒却徒有一颗做英雄的心。然而面对众人对魔丸的误解和即将来临的天雷的降临，哪吒是否命中注定会立地成魔？他将何去何从？,"https://img2.doubanio.com/view/photo/sqxs/public/p2563815623.jpg,https://img1.doubanio.com/view/photo/sqxs/public/p2564890907.jpg",https://vt1.doubanio.com/202305231424/0f49dff71ae48fb0cff9313e330d2c4d/view/movie/M/402500477.mp4
"李·昂克里奇,阿德里安·莫利纳",9.1,寻梦环游记,"安东尼·冈萨雷斯,盖尔·加西亚·贝纳尔,本杰明·布拉特,阿兰娜·乌巴赫,芮妮·维克托",https://movie.douban.com/subject/20495023/,2017,"喜剧,动画,音乐,奇幻", 美国," 英语 , 西班牙语",2017-11-24,105,423921,"62.2%,30.4%,6.8%,0.4%,0.2%",热爱音乐的米格尔（安东尼·冈萨雷兹 Anthony Gonzalez 配音）不幸地出生在一个视音乐为洪水猛兽的大家庭之中，一家人只盼着米格尔快快长大，好继承家里传承了数代的制鞋产业。一年一度的亡灵节即将来临，每逢这一天，去世的亲人们的魂魄便可凭借着摆在祭坛上的照片返回现世和生者团圆。,"https://img1.doubanio.com/view/photo/sqxs/public/p2504942497.jpg,https://img1.doubanio.com/view/photo/sqxs/public/p2505722998.jpg,https://img9.doubanio.com/view/photo/sqxs/public/p2505754974.jpg,https://img1.doubanio.com/view/photo/sqxs/public/p2505708957.jpg",https://vt1.doubanio.com/202305231424/59608012b7d614a4688310ba079d8798/view/movie/M/302230405.mp4
"陈玉珊,王为,曹华,孟凡",6.1,狼殿下,"王大陆,李沁,肖战,辛芷蕾,郭书瑶",https://movie.douban.com/subject/26743567/,2020,古装, 中国大陆, 汉语普通话,2020-11-19,59,199459,"27.3%,17.6%,16.2%,9.8%,29.1%",溍炀两国，正邪对立，分庭抗礼。炀王楚馗大肆征战，战火纷飞。忠义的溍王抵抗楚馗未成，退守北方，养兵蓄锐，以待攻敌之日。,"https://img1.doubanio.com/view/photo/sqxs/public/p2457787988.jpg,https://img1.doubanio.com/view/photo/sqxs/public/p2531291517.jpg,https://img1.doubanio.com/view/photo/sqxs/public/p2497576770.jpg,https://img2.doubanio.com/view/photo/sqxs/public/p2494064051.jpg",https://vt1.doubanio.com/202305231424/4cb57e02b4078d4ce7b9d2a67e7cf311/view/movie/M/402680690.mp4
郭帆,7.9,流浪地球,"吴京,屈楚萧,李光洁,吴孟达,赵今麦",https://movie.douban.com/subject/26266893/,2019,"科幻,冒险,灾难", 中国大陆," 汉语普通话 , 英语 , 俄语 , 法语 , 日语 , 韩语 , 印尼语",2019-02-05,125,716376,"34.6%,36.3%,21.6%,4.9%,2.6%",近未来，科学家们发现太阳急速衰老膨胀，短时间内包括地球在内的整个太阳系都将被太阳所吞没。为了自救，人类提出一个名为“流浪地球”的大胆计划，即倾全球之力在地球表面建造上万座发动机和转向发动机，推动地球离开太阳系，用2500年的时间奔往另外一个栖息之地。中国航天员刘培强（吴京 饰）在儿子刘启四岁那年前往国际空间站，和国际同侪肩负起领航者的重任。转眼刘启（屈楚萧 饰）长大，他带着妹妹朵朵（赵今麦 饰）偷偷跑到地表，偷开外公韩子昂（吴孟达 饰）的运输车，结果不仅遭到逮捕，还遭遇了全球发动机停摆的事件。为了修好发动机，阻止地球坠入木星，全球开始展开饱和式营救，连刘启他们的车也被强征加入。在与时间赛跑的过程中，无数的人前仆后继，奋不顾身，只为延续百代子孙生存的希望……,"https://img1.doubanio.com/view/photo/sqxs/public/p2542069917.jpg,https://img1.doubanio.com/view/photo/sqxs/public/p2546873800.jpg",https://vt1.doubanio.com/202305231424/cb36c9dd0770b5316dc7216f19154055/view/movie/M/402680986.mp4
罗伯特·泽米吉斯,9.5,阿甘正传,"汤姆·汉克斯,罗宾·怀特,加里·西尼斯,麦凯尔泰·威廉逊,莎莉·菲尔德",https://movie.douban.com/subject/1292720/,1994,"剧情,爱情", 美国, 英语,1994-06-23,142,357711,"77.2%,19.8%,2.6%,0.2%,0.1%",阿甘（汤姆·汉克斯 饰）于二战结束后不久出生在美国南方阿拉巴马州一个闭塞的小镇，他先天弱智，智商只有75，然而他的妈妈是一个性格坚强的女性，她常常鼓励阿甘“傻人有傻福”，要他自强不息。,"https://img2.doubanio.com/view/photo/sqxs/public/p1484731332.jpg,https://img9.doubanio.com/view/photo/sqxs/public/p1484731424.jpg",https://vt1.doubanio.com/202305231424/8ec20b696f7e3e88fc0c75fa450e620f/view/movie/M/301600000.mp4
王晶,7.0,不止不休,"白客,苗苗,张颂文,宋洋,王奕权",https://movie.douban.com/subject/34833851/,2020,剧情, 中国大陆, 汉语普通话,2023-03-24,117,37574,"11.4%,36.7%,44.6%,6.7%,0.7%",2003年的中国，社会变革激荡，人们野心勃勃。当时互联网尚未席卷一切，纸媒为王。没钱、没学历、没背景的“三无青年”韩东（白客 饰）怀揣新闻理想与女友小竹（苗苗 饰）开始了北漂生涯，期间在知名记者黄江（张颂文 饰）的帮助下进入报社实习，在一次案件调查中，韩东发现了背后更大的真相。一边是光明的前途，一边是心中的正义，韩东在两难中选择挺身而出……,"https://img1.doubanio.com/view/photo/sqxs/public/p2888742129.jpg,https://img9.doubanio.com/view/photo/sqxs/public/p2889055676.jpg,https://img1.doubanio.com/view/photo/sqxs/public/p2618746729.jpg,https://img2.doubanio.com/view/photo/sqxs/public/p2889318413.jpg",https://vt1.doubanio.com/202305231424/b7f9a15e02c0933b29fd08a812b26b06/view/movie/M/403020193.mp4
陈凯歌,9.6,霸王别姬,"张国荣,张丰毅,巩俐,葛优,英达",https://movie.douban.com/subject/1291546/,1993,"剧情,爱情,同性"," 中国大陆 , 中国香港", 汉语普通话,1993-07-26,171,449514,"82.5%,15.3%,1.9%,0.2%,0.1%",段小楼（张丰毅）与程蝶衣（张国荣）是一对打小一起长大的师兄弟，两人一个演生，一个饰旦，一向配合天衣无缝，尤其一出《霸王别姬》，更是誉满京城，为此，两人约定合演一辈子《霸王别姬》。但两人对戏剧与人生关系的理解有本质不同，段小楼深知戏非人生，程蝶衣则是人戏不分。,"https://img1.doubanio.com/view/photo/sqxs/public/p1665762739.jpg,https://img1.doubanio.com/view/photo/sqxs/public/p2581065129.jpg",https://vt1.doubanio.com/202305231424/94b150784babd87a84e01bcdbe3a5cee/view/movie/M/402390810.mp4
姜秀琼,7.5,外婆的新世界,"闫妮,邓恩熙,张瑶,姚晨,王珞丹",https://movie.douban.com/subject/35390936/,2023,"喜剧,家庭", 中国大陆, 汉语普通话,2023-05-07,39,8827,"23.1%,41.1%,25.8%,8.5%,1.5%",一生沉默如大多数人般的外婆（闫妮 饰），突然不告而别、离家消失，游走于城市各地，变得不再沉默，变得特立独行，宛如城市游侠，利刃般刺入无数人的生活，揭开一个个难定黑白善恶的人生，一边改变着自己，一边也改变了许多人——包括外婆的姐姐（闫妮 饰）、女儿（张瑶 饰）、外孙女（邓恩熙 饰）的人生……,"https://img9.doubanio.com/view/photo/sqxs/public/p2688340125.jpg,https://img1.doubanio.com/view/photo/sqxs/public/p2688340119.jpg,https://img1.doubanio.com/view/photo/sqxs/public/p2688340077.jpg,https://img9.doubanio.com/view/photo/sqxs/public/p2889924915.jpg",https://vt1.doubanio.com/202305231424/3babde636cc345c73649a892880a1df4/view/movie/M/403040157.mp4
吕克·贝松,9.4,这个杀手不太冷,"让·雷诺,娜塔莉·波特曼,加里·奥德曼,丹尼·爱罗,彼得·阿佩尔",https://movie.douban.com/subject/1295644/,1994,"剧情,动作,犯罪"," 法国 , 美国"," 英语 , 意大利语 , 法语",1994-09-14,110,386495,"73.7%,22.7%,3.3%,0.2%,0.1%",里昂（让·雷诺饰）是名孤独的职业杀手，受人雇佣。一天，邻居家小姑娘马蒂尔达（纳塔丽·波特曼饰)敲开他的房门，要求在他那里暂避杀身之祸。原来邻居家的主人是警方缉毒组的眼线，只因贪污了一小包毒品而遭恶警（加里·奥德曼饰）杀害全家的惩罚。马蒂尔达得到里昂的留救，幸免于难，并留在里昂那里。里昂教小女孩使枪，她教里昂法文，两人关系日趋亲密，相处融洽。,"https://img1.doubanio.com/view/photo/sqxs/public/p2581177788.jpg,https://img2.doubanio.com/view/photo/sqxs/public/p511077583.jpg",https://vt1.doubanio.com/202305231424/cf8b5350b3fb040fd25a248806c628ec/view/movie/M/402740019.mp4
傅东育,7.3,冰雨火,"陈晓,王一博,王劲松,刘奕君,赵昭仪",https://movie.douban.com/subject/34908108/,2022,"剧情,犯罪", 中国大陆, 汉语普通话,2022-08-11,37,104509,"35.4%,20.6%,26.2%,10.3%,7.4%",三年前，吴刚因涉毒被贩毒集团K所杀，其子吴振峰（陈晓 饰）因莽撞违纪被开除警籍。吴振峰心如死灰，被兄弟陈宇（王一博 饰）阻拦出境，途中二人险遭劫持，吴振峰为救陈宇被毒贩掳走，从此再无音讯，这一刻二人的命运被彻底改写。三年后，陈宇成为禁毒民警，不料吴振峰再度归来却与命案牵连。吴振峰洗刷嫌疑后，却被陈宇发觉他与贩毒集团有着千丝万缕的联系。为彻底歼灭贩毒集团，陈宇服从上级部门的安排，脱下警服开启禁毒生涯的新历程。与此同时他才得知吴振峰竟是潜伏在贩毒集团的孤胆英雄。陈宇与吴振峰先后打入贩毒集团内部，两人默契配合，并肩作战，最终在公安部署下将贩毒集团一网打尽。兄弟二人继续投身于公安禁毒事业中，不忘初心，牢记使命。,"https://img1.doubanio.com/view/photo/sqxs/public/p2617631749.jpg,https://img2.doubanio.com/view/photo/sqxs/public/p2617631733.jpg,https://img2.doubanio.com/view/photo/sqxs/public/p2617630773.jpg,https://img1.doubanio.com/view/photo/sqxs/public/p2620310640.jpg",https://vt1.doubanio.com/202305231424/cd7f55a13b0e95cc15cec7cf8b869a8c/view/movie/M/402930207.mp4
"闫非,彭大魔",7.8,夏洛特烦恼,"沈腾,马丽,尹正,艾伦,王智",https://movie.douban.com/subject/25964071/,2015,"喜剧,爱情", 中国大陆, 汉语普通话,2015-09-30,104,255553,"28.3%,42.5%,23.3%,4.2%,1.7%",在学生时代的初恋秋雅（王智 饰）的婚礼上，毕业后吃软饭靠老婆养的夏洛（沈腾 饰）假充大款，出尽其丑，中间还被老婆马冬梅（马丽 饰）戳穿暴捶。混乱之中，夏洛意外穿越时空，回到了1997年的学生时代的课堂里。他懵懵懂懂，以为是场真实感极强的梦，于是痛揍王老师，强吻秋雅，还尝试跳楼让自己醒来。当受伤的他从病床上苏醒时，他意识到自己真的穿越了时空。既然有机会重新来过，那不如好好折腾一回。他勇敢追求秋雅、奚落优等生袁华（尹正 饰）、拒绝马冬梅的死缠烂打。后来夏洛凭借“创作”朴树、窦唯等人的成名曲而进入娱乐圈。,"https://img9.doubanio.com/view/photo/sqxs/public/p2269778685.jpg,https://img2.doubanio.com/view/photo/sqxs/public/p2269778673.jpg,https://img9.doubanio.com/view/photo/sqxs/public/p2268716454.jpg,https://img2.doubanio.com/view/photo/sqxs/public/p2256588003.jpg",https://vt1.doubanio.com/202305231424/c2fe2653900e235064972be811e8b4a6/view/movie/M/301840420.mp4
吴锦源,5.6,有翡,"赵丽颖,王一博,张慧雯,陈若轩,周洁琼",https://movie.douban.com/subject/27069428/,2020,"剧情,武侠,古装", 中国大陆, 汉语普通话,2020-12-16,32,192291,"20.0%,10.9%,23.2%,21.0%,25.0%",北朝年间，各方势力割据，江湖动乱不安。“南刀”李徵（胡兵 饰）在湖湘地界建立门派四十八寨，收留落魄的武林人士，并从此避世而居。但随着李徵逝世，江湖名门也相继败落。 多年后，李徵的外孙女周翡（赵丽颖 饰）在洗墨江被一位自称谢允（王一博 饰）的青年男子意外救下，两人从此结下不解之缘。 半年后，周翡和谢允再次在霍家堡黑牢相遇，却同时遭到江湖黑暗势力“地煞山庄”几大高手的追杀，两人因此卷入一场江湖的阴谋浩劫中。 周翡受江湖前辈指点，始终磨砺自己的刀法、并凭着一股“狭路相逢勇者胜”的勇敢杀地煞、平叛乱、擒敌王、救流民；而谢允自始至终陪伴在周翡身边，为她指点进退，二人携手共进，生死不弃，一起平息了一场场江湖动乱。以周翡、谢允为代表的一辈江湖新秀们从此成长为真正的“有匪君子”，周翡也终成一代“南刀”少女宗师。,"https://img2.doubanio.com/view/photo/sqxs/public/p2572860922.jpg,https://img2.doubanio.com/view/photo/sqxs/public/p2572860912.jpg,https://img1.doubanio.com/view/photo/sqxs/public/p2579406300.jpg,https://img9.doubanio.com/view/photo/sqxs/public/p2594938434.jpg",https://vt1.doubanio.com/202305231424/ac87a08eb5e7cddee065d0d9b47b8d22/view/movie/M/402690801.mp4
曾晓欣,7.8,大嫁风尚,"乔振宇,杨紫,郭晓婷,巫刚,朱茵",https://movie.douban.com/subject/26377690/,2016,"剧情,爱情", 中国大陆, 汉语普通话,2016-06-29,62,21765,"32.3%,34.8%,25.5%,4.3%,3.1%",夏燃（杨紫 饰）和男友蒋剑南（郭鹏 饰）恋爱多年，感情十分稳定，然而某一日，蒋剑南居然在向夏燃提出分手后下落不明玩起了失踪，莫名被甩一头雾水的夏燃决心一定要找到蒋剑南问清事情的缘由，却在阴差阳错之下结识了蒋剑南的室友金志豪（乔振宇 饰）。,"https://img9.doubanio.com/view/photo/sqxs/public/p2363637644.jpg,https://img9.doubanio.com/view/photo/sqxs/public/p2363634914.jpg,https://img2.doubanio.com/view/photo/sqxs/public/p2266910542.jpg,https://img2.doubanio.com/view/photo/sqxs/public/p2363599572.jpg,https://img1.doubanio.com/view/photo/sqxs/public/p2363592998.jpg",0
彼得·威尔,9.4,楚门的世界,"金·凯瑞,劳拉·琳妮,艾德·哈里斯,诺亚·艾默里奇,娜塔莎·麦克艾霍恩",https://movie.douban.com/subject/1292064/,1998,"剧情,科幻", 美国, 英语,1998-06-05,103,333685,"71.8%,24.6%,3.3%,0.2%,0.1%",楚门（金•凯瑞 Jim Carrey 饰）是一个平凡得不能再平凡的人，除了一些有些稀奇的经历之外——初恋女友突然失踪、溺水身亡的父亲忽然似乎又出现在眼前，他和绝大多数30多岁的美国男人绝无异样。这令他倍感失落。他也曾试过离开自己生活了多年的地方，但总因种种理由而不能成行。,"https://img9.doubanio.com/view/photo/sqxs/public/p764864325.jpg,https://img2.doubanio.com/view/photo/sqxs/public/p2614864522.jpg,https://img1.doubanio.com/view/photo/sqxs/public/p2614740719.jpg,https://img2.doubanio.com/view/photo/sqxs/public/p1332031501.jpg",https://vt1.doubanio.com/202305231424/e97637fdf37b2541d700a54fa49f1476/view/movie/M/301200999.mp4
田晓鹏,7.3,深海,"苏鑫,王亭文,滕奎兴,杨婷,吉静",https://movie.douban.com/subject/26649682/,2023,"动画,奇幻", 中国大陆, 汉语普通话,2023-01-22,112,195572,"21.7%,34.4%,31.8%,9.2%,2.9%",在大海的最深处，藏着所有秘密。一位现代少女（参宿）误入梦幻的深海世界，却因此邂逅了一段独特的生命旅程。,"https://img1.doubanio.com/view/photo/sqxs/public/p2886877257.jpg,https://img2.doubanio.com/view/photo/sqxs/public/p2878145313.jpg,https://img9.doubanio.com/view/photo/sqxs/public/p2878145324.jpg,https://img1.doubanio.com/view/photo/sqxs/public/p2878231508.jpg",https://vt1.doubanio.com/202305231424/9f7369a638f54c959ec654021accb7d9/view/movie/M/402990770.mp4
涅提·蒂瓦里,9.0,摔跤吧！爸爸,"阿米尔·汗,法缇玛·萨那·纱卡,桑亚·玛荷塔,阿帕尔夏克提·库拉那,沙克希·坦沃",https://movie.douban.com/subject/26387939/,2016,"剧情,家庭,传记,运动", 印度," 印地语 , 英语",2017-05-05,161,314372,"59.5%,33.0%,6.8%,0.5%,0.2%",马哈维亚（阿米尔·汗 Aamir Khan 饰）曾经是一名前途无量的摔跤运动员，在放弃了职业生涯后，他最大的遗憾就是没有能够替国家赢得金牌。马哈维亚将这份希望寄托在了尚未出生的儿子身上，哪知道妻子接连给他生了两个女儿，取名吉塔（法缇玛·萨那·纱卡 Fatima Sana Shaikh 饰）和巴比塔（桑亚·玛荷塔 Sanya Malhotra 饰）。让马哈维亚没有想到的是，两个姑娘展现出了杰出的摔跤天赋，让他幡然醒悟，就算是女孩，也能够昂首挺胸的站在比赛场上，为了国家和她们自己赢得荣誉。,"https://img2.doubanio.com/view/photo/sqxs/public/p2573114013.jpg,https://img2.doubanio.com/view/photo/sqxs/public/p2573114182.jpg,https://img9.doubanio.com/view/photo/sqxs/public/p2458454034.jpg,https://img2.doubanio.com/view/photo/sqxs/public/p2457746352.jpg",https://vt1.doubanio.com/202305231424/3b6dae5fab1e5d24cdbcd226f0715850/view/movie/M/302160387.mp4
周星驰,8.8,功夫,"周星驰,元秋,元华,黄圣依,梁小龙",https://movie.douban.com/subject/1291543/,2004,"喜剧,动作,犯罪,奇幻"," 中国大陆 , 中国香港"," 粤语 , 汉语普通话 , 手语",2004-12-23,100,137950,"53.2%,35.0%,10.8%,0.8%,0.2%",1940年代的上海，自小受尽欺辱的街头混混阿星（周星驰）为了能出人头地，可谓窥见机会的缝隙就往里钻，今次他盯上行动日益猖獗的黑道势力“斧头帮”，想借之大名成就大业。,"https://img2.doubanio.com/view/photo/sqxs/public/p2543885202.jpg,https://img1.doubanio.com/view/photo/sqxs/public/p2454612947.jpg",https://vt1.doubanio.com/202305231424/64f1947fa1b0555125c6bc407535a542/view/movie/M/301680295.mp4
克里斯托弗·诺兰,9.4,星际穿越,"马修·麦康纳,安妮·海瑟薇,杰西卡·查斯坦,麦肯吉·弗依,卡西·阿弗莱克",https://movie.douban.com/subject/1889243/,2014,"剧情,科幻,冒险"," 美国 , 英国 , 加拿大", 英语,2014-11-12,169,441473,"74.8%,20.8%,3.7%,0.4%,0.2%",近未来的地球黄沙遍野，小麦、秋葵等基础农作物相继因枯萎病灭绝，人类不再像从前那样仰望星空，放纵想象力和灵感的迸发，而是每日在沙尘暴的肆虐下倒数着所剩不多的光景。在家务农的前NASA宇航员库珀（马修·麦康纳 Matthew McConaughey 饰）接连在女儿墨菲（麦肯吉·弗依 Mackenzie Foy 饰）的书房发现奇怪的重力场现象，随即得知在某个未知区域内前NASA成员仍秘密进行一个拯救人类的计划。多年以前土星附近出现神秘虫洞，NASA借机将数名宇航员派遣到遥远的星系寻找适合居住的星球。在布兰德教授（迈克尔·凯恩 Michael Caine 饰）的劝说下，库珀忍痛告别了女儿，和其他三名专家教授女儿艾米莉亚·布兰德（安妮·海瑟薇 Anne Hathaway 饰）、罗米利（大卫·吉雅西 David Gyasi 饰）、多伊尔（韦斯·本特利 Wes B...,"https://img2.doubanio.com/view/photo/sqxs/public/p2208063011.jpg,https://img9.doubanio.com/view/photo/sqxs/public/p2211063036.jpg",https://vt1.doubanio.com/202305231424/b64982d6d65497d4d7673b2ee3eaae82/view/movie/M/402630852.mp4
罗伯·莱纳,9.1,怦然心动,"玛德琳·卡罗尔,卡兰·麦克奥利菲,瑞贝卡·德·莫妮,安东尼·爱德华兹,约翰·马奥尼",https://movie.douban.com/subject/3319755/,2010,"剧情,喜剧,爱情", 美国, 英语,2010-07-26,90,421899,"62.2%,30.5%,6.6%,0.5%,0.1%",布莱斯（卡兰•麦克奥利菲 Callan McAuliffe 饰）全家搬到小镇，邻家女孩朱丽（玛德琳•卡罗尔 Madeline Carroll 饰）前来帮忙。她对他一见钟情，心愿是获得他的吻。两人是同班同学，她一直想方设法接近他，但是他避之不及。她喜欢爬在高高的梧桐树上看风景。但因为施工，树被要被砍掉，她誓死捍卫，希望他并肩作战，但是他退缩了。她的事迹上了报纸，外公对她颇有好感，令他十分困惑。她凭借鸡下蛋的项目获得了科技展第一名，成了全场焦点，令他黯然失色。她把自家鸡蛋送给他，他听家人怀疑她家鸡蛋不卫生，便偷偷把鸡蛋丢掉。她得知真相，很伤心，两人关系跌入冰点。她跟家人诉说，引发争吵。原来父亲一直攒钱照顾傻弟弟，所以生活拮据。她理解了父母，自己动手，还得到了他外公的鼎力相助。他向她道歉，但是并未解决问题。他开始关注她。鸡蛋风波未平，家庭晚宴与午餐男孩评选...,"https://img2.doubanio.com/view/photo/sqxs/public/p2533778442.jpg,https://img9.doubanio.com/view/photo/sqxs/public/p2573719716.jpg,https://img1.doubanio.com/view/photo/sqxs/public/p2461578049.jpg,https://img1.doubanio.com/view/photo/sqxs/public/p711963110.jpg",https://vt1.doubanio.com/202305231424/f90fe5052f4401bed9e62cdf7803e314/view/movie/M/301210020.mp4
辛爽,8.8,隐秘的角落,"秦昊,王景春,荣梓杉,史彭元,王圣迪",https://movie.douban.com/subject/33404425/,2020,"剧情,悬疑,犯罪", 中国大陆, 汉语普通话,2020-06-16,40,330161,"50.2%,39.7%,9.0%,0.8%,0.2%",该剧改编自紫金陈推理小说《坏小孩》 ，讲述了沿海小城的三个孩子在景区游玩时无意拍摄记录了一次谋杀，他们的冒险也由此展开。扑朔迷离的案情，将几个家庭裹挟其中，带向不可预知的未来......,"https://img1.doubanio.com/view/photo/sqxs/public/p2610644020.jpg,https://img1.doubanio.com/view/photo/sqxs/public/p2610644188.jpg",https://vt1.doubanio.com/202305231424/ebae87d3c8e7249fe1ec21b3e6124c44/view/movie/M/402620553.mp4
彼得·法雷里,8.9,绿皮书,"维果·莫腾森,马赫沙拉·阿里,琳达·卡德里尼,塞巴斯蒂安·马尼斯科,迪米特·D·马里诺夫",https://movie.douban.com/subject/27060077/,2018,"剧情,喜剧,音乐,传记"," 美国 , 中国大陆"," 英语 , 意大利语 , 俄语 , 德语",2019-03-01,130,391874,"54.9%,37.5%,7.1%,0.4%,0.1%",托尼（维果·莫腾森 Viggo Mortensen 饰）是一个吊儿郎当游手好闲的混混，在一家夜总会做侍者。这间夜总会因故要停业几个月，可托尼所要支付的房租和生活费不会因此取消，所以他的当务之急是去寻找另一份工作来填补这几个月的空缺。在这个节骨眼上，一位名叫唐雪莉（马赫沙拉·阿里 Mahershala Ali 饰）的黑人钢琴家提出雇佣托尼。,"https://img1.doubanio.com/view/photo/sqxs/public/p2542144239.jpg,https://img1.doubanio.com/view/photo/sqxs/public/p2542144458.jpg",https://vt1.doubanio.com/202305231425/98153fb034076f8674a24205501f9145/view/movie/M/402430698.mp4
拉吉库马尔·希拉尼,9.2,三傻大闹宝莱坞,"阿米尔·汗,卡琳娜·卡普尔,马达范,沙尔曼·乔希,奥米·瓦依达",https://movie.douban.com/subject/3793023/,2009,"剧情,喜剧,爱情,歌舞", 印度," 印地语 , 乌尔都语 , 英语",2011-12-08,171,362862,"68.9%,25.5%,4.9%,0.5%,0.2%",本片根据印度畅销书作家奇坦·巴哈特（Chetan Bhagat）的处女作小说《五点人》（Five Point Someone）改编而成。法兰（马德哈万 R Madhavan 饰）、拉杜（沙曼·乔希 Sharman Joshi 饰）与兰乔（阿米尔·汗 Aamir Khan 饰）是皇家工程学院的学生，三人共居一室，结为好友。在以严格著称的学院里，兰乔是个非常与众不同的学生，他不死记硬背，甚至还公然顶撞校长“病毒”（波曼·伊拉尼 Boman Irani 饰），质疑他的教学方法。他不仅鼓动法兰与拉杜去勇敢追寻理想，还劝说校长的二女儿碧雅（卡琳娜·卡普 Kareena Kapoor 饰）离开满眼铜臭的未婚夫。兰乔的特立独行引起了模范学生“消音器”（奥米·维嘉 Omi Vaidya 饰）的不满，他约定十年后再与兰乔一决高下，看哪种生活方式更能取得成功。,"https://img2.doubanio.com/view/photo/sqxs/public/p2571368413.jpg,https://img2.doubanio.com/view/photo/sqxs/public/p1303106712.jpg,https://img1.doubanio.com/view/photo/sqxs/public/p579722647.jpg,https://img9.doubanio.com/view/photo/sqxs/public/p1303107905.jpg",https://vt1.doubanio.com/202305231425/8e9f426d07555122ef1a06f861202313/view/movie/M/301020952-1.mp4
刘海波,8.1,尘封十三载,"陈建斌,陈晓,啜妮,刘敏涛,左小青",https://movie.douban.com/subject/35725856/,2023,"悬疑,犯罪", 中国大陆, 汉语普通话,2023-04-06,32,34201,"28.9%,50.4%,17.7%,2.2%,0.8%",1997年未能侦破的特殊杀人案件在13年后重现，当年一直没有追查到真凶的刑警卫峥嵘（陈建斌 饰）备受打击离开一线，而曾经初出茅庐的新警陆行知（陈晓 饰）褪去稚嫩青涩，已成为缜密细致的刑侦能手，案件的重重巧合让师徒二人再次走到了一起，合力追缉真凶。,"https://img1.doubanio.com/view/photo/sqxs/public/p2890291607.jpg,https://img2.doubanio.com/view/photo/sqxs/public/p2880366962.jpg,https://img9.doubanio.com/view/photo/sqxs/public/p2890418846.jpg,https://img9.doubanio.com/view/photo/sqxs/public/p2890418845.jpg",https://vt1.doubanio.com/202305231425/3c35497a61f72b8ed626613fd8463738/view/movie/M/403020784.mp4
谢泽,6.3,风起洛阳,"黄轩,王一博,宋茜,宋轶,咏梅",https://movie.douban.com/subject/33442334/,2021,"剧情,悬疑,古装", 中国大陆, 汉语普通话,2021-12-01,46,114579,"10.2%,24.3%,42.8%,16.6%,6.0%",该剧改编自马伯庸所著的小说《洛阳》，讲述了在时值盛世的神都洛阳，出身不同阶层的高秉烛、百里弘毅、武思月因为共同的目标而结盟，调查洛阳各种悬案，最终粉碎春秋道的阴谋，守护神都太平的故事  。,"https://img2.doubanio.com/view/photo/sqxs/public/p2699398951.jpg,https://img9.doubanio.com/view/photo/sqxs/public/p2755649765.jpg,https://img1.doubanio.com/view/photo/sqxs/public/p2699398949.jpg,https://img2.doubanio.com/view/photo/sqxs/public/p2699398952.jpg",https://vt1.doubanio.com/202305231425/b1f3f2ab985ae23207fe9f1b32ed1302/view/movie/M/402830547.mp4
新海诚,8.5,你的名字。,"神木隆之介,上白石萌音,长泽雅美,市原悦子,成田凌",https://movie.douban.com/subject/26683290/,2016,"剧情,爱情,动画", 日本, 日语,2016-12-02,106,335532,"43.5%,38.7%,15.9%,1.6%,0.4%",在远离大都会的小山村，住着巫女世家出身的高中女孩宫水三叶（上白石萌音 配音）。校园和家庭的原因本就让她充满烦恼，而近一段时间发生的奇怪事件，又让三叶摸不清头脑。不知从何时起，三叶在梦中就会变成一个住在东京的高中男孩。那里有陌生的同学和朋友，有亲切的前辈和繁华的街道，一切都是如此诱人而真实。另一方面，住在东京的高中男孩立花泷（神木隆之介 配音）则总在梦里来到陌生的小山村，以女孩子的身份过着全新的生活。许是受那颗神秘彗星的影响，立花和三叶在梦中交换了身份。他们以他者的角度体验着对方的人生，这期间有愤怒、有欢笑也有暖心。只是两人并不知道，身份交换的背后隐藏着重大而锥心的秘密……,"https://img1.doubanio.com/view/photo/sqxs/public/p2293569209.jpg,https://img9.doubanio.com/view/photo/sqxs/public/p2395677306.jpg,https://img2.doubanio.com/view/photo/sqxs/public/p2376640643.jpg,https://img1.doubanio.com/view/photo/sqxs/public/p2494256118.jpg",https://vt1.doubanio.com/202305231839/33fe445c86358299c11336c2ae5df498/view/movie/M/302080103.mp4
姜文,9.0,让子弹飞,"姜文,葛优,周润发,刘嘉玲,陈坤",https://movie.douban.com/subject/3742360/,2010,"剧情,喜剧,动作,西部"," 中国大陆 , 中国香港"," 汉语普通话 , 四川话 , 山西话",2010-12-16,132,320556,"59.6%,31.5%,7.9%,0.7%,0.3%",民国年间，花钱捐得县长的马邦德（葛优 饰）携妻（刘嘉玲 饰）及随从走马上任。途经南国某地，遭劫匪张麻子（姜文 饰）一伙伏击，随从尽死，只夫妻二人侥幸活命。马为保命，谎称自己是县长的汤 师爷。为汤师爷许下的财富所动，张麻子摇身一变化身县长，带着手下赶赴鹅城上任。有道是天高皇帝远，鹅城地处偏僻，一方霸主黄四郎（周润发 饰）只手遮天，全然不将这个新来的县长放在眼里。张麻子痛打了黄的武教头（姜武 饰），黄则设计害死张的义子小六（张默 饰）。原本只想赚钱的马邦德，怎么也想不到竟会被卷入这场土匪和恶霸的角力之中。鹅城上空愁云密布，血雨腥风在所难免……,"https://img2.doubanio.com/view/photo/sqxs/public/p458738612.jpg,https://img1.doubanio.com/view/photo/sqxs/public/p2581578348.jpg",https://vt1.doubanio.com/202305231839/fafcb98ac81d002188ac6c41f8d461f7/view/movie/M/301070520.mp4
克里斯托弗·诺兰,9.4,盗梦空间,"莱昂纳多·迪卡普里奥,约瑟夫·高登-莱维特,艾利奥特·佩吉,汤姆·哈迪,渡边谦",https://movie.douban.com/subject/3541415/,2010,"剧情,科幻,悬疑,冒险"," 美国 , 英国"," 英语 , 日语 , 法语",2010-09-01,148,398625,"72.4%,23.7%,3.5%,0.2%,0.1%",道姆·柯布（莱昂纳多·迪卡普里奥 Leonardo DiCaprio 饰）与同事阿瑟（约瑟夫·戈登-莱维特 Joseph Gordon-Levitt 饰）和纳什（卢卡斯·哈斯 Lukas Haas 饰）在一次针对日本能源大亨齐藤（渡边谦 饰）的盗梦行动中失败，反被齐藤利用。齐藤威逼利诱因遭通缉而流亡海外的柯布帮他拆分他竞争对手的公司，采取极端措施在其唯一继承人罗伯特·费希尔（希里安·墨菲 Cillian Murphy 饰）的深层潜意识中种下放弃家族公司、自立门户的想法。为了重返美国，柯布偷偷求助于岳父迈尔斯（迈克尔·凯恩 Michael Caine 饰），吸收了年轻的梦境设计师艾里阿德妮（艾伦·佩吉 Ellen Page 饰）、梦境演员艾姆斯（汤姆·哈迪 Tom Hardy 饰）和药剂师约瑟夫（迪利普·劳 Dileep Rao 饰）加入行动。在一层层...,"https://img9.doubanio.com/view/photo/sqxs/public/p603273604.jpg,https://img2.doubanio.com/view/photo/sqxs/public/p616902142.jpg,https://img9.doubanio.com/view/photo/sqxs/public/p2180955876.jpg,https://img1.doubanio.com/view/photo/sqxs/public/p616883918.jpg",https://vt1.doubanio.com/202305231839/af47da95aba3d3d2af59f90234173d20/view/movie/M/402640451.mp4
李帅帅,9.4,画江湖之不良人6,"边江,申秋香,赵毅,阎萌萌,赵述仁",https://movie.douban.com/subject/35801116/,2023,"动作,动画,武侠", 中国大陆, 汉语普通话,2023-03-02,28,16132,"79.4%,15.4%,3.3%,0.9%,1.0%",监国独揽朝政，漠北大军来势汹汹，岐国独木难支，且看李星云如何带领不良人绝地反击！,"https://img1.doubanio.com/view/photo/sqxs/public/p2888920278.jpg,https://img2.doubanio.com/view/photo/sqxs/public/p2870854351.jpg,https://img9.doubanio.com/view/photo/sqxs/public/p2888920274.jpg,https://img9.doubanio.com/view/photo/sqxs/public/p2889567465.jpg,https://img9.doubanio.com/view/photo/sqxs/public/p2888920276.jpg",0
"宮崎光代,杰克·施莱尔,李成真",8.7,怒呛人生,"史蒂文·元,黄阿丽,约瑟夫·李,扬·马齐诺,雷米·霍尔特",https://movie.douban.com/subject/35413042/,2023,"剧情,喜剧", 美国, 英语,2023-04-06,38,33498,"48.9%,39.8%,9.8%,1.1%,0.4%",该剧讲述了一起发生在两个陌生人之间的路怒事件。丹尼·周（史蒂文·元 饰）是一个失败的承包商，心中愤愤不平，与艾米·刘正面交锋；艾米·刘（黄阿丽 饰）是一位白手起家的企业家，有着独特的生活。在这部感人至深的黑色喜剧中，他们之间的恩怨日益加深，生活和关系也随之瓦解。,"https://img1.doubanio.com/view/photo/sqxs/public/p2890401168.jpg,https://img2.doubanio.com/view/photo/sqxs/public/p2889591331.jpg,https://img1.doubanio.com/view/photo/sqxs/public/p2889591329.jpg,https://img1.doubanio.com/view/photo/sqxs/public/p2890427420.jpg",https://vt1.doubanio.com/202305231839/33147103bb017731963d43d5ad60c23d/view/movie/M/403020050.mp4
韩寒,5.3,四海,"刘昊然,刘浩存,沈腾,尹正,乔杉",https://movie.douban.com/subject/35337517/,2022,"喜剧,动作,爱情", 中国大陆, 汉语普通话,2022-02-01,128,112126,"4.1%,14.4%,37.7%,31.6%,12.3%",在码头做摩托车特技表演顺便拉客的年轻人吴仁耀（刘昊然 饰），他多年不见的浪荡父亲吴仁腾（沈腾 饰）；梦想大城市生活的餐馆服务员周欢颂和他浮夸真诚的哥哥周欢歌。一支从没有赢过一场比赛的“不败传说”车队频频出战，一群可笑又可爱的小人物命运交织。阿耀和欢颂都立志活成自己亲人的反面，想彼此取暖，彼此独立，却又总不在一个频道上。世事无常，他们不得不背井离乡，迎接一场未知旅途，阿耀的一身技能竟会用在一个自己都意想不到的场合，他的亲情友情和爱情最终又将会是如何……,"https://img2.doubanio.com/view/photo/sqxs/public/p2641903793.jpg,https://img1.doubanio.com/view/photo/sqxs/public/p2642920777.jpg,https://img1.doubanio.com/view/photo/sqxs/public/p2641820700.jpg,https://img9.doubanio.com/view/photo/sqxs/public/p2641903804.jpg",https://vt1.doubanio.com/202305231839/c069ea2060a7ea043af53582b7077183/view/movie/M/402860335.mp4
刘镇伟,9.2,大话西游之大圣娶亲,"周星驰,吴孟达,朱茵,蔡少芬,蓝洁瑛",https://movie.douban.com/subject/1292213/,1995,"喜剧,爱情,奇幻,古装"," 中国香港 , 中国大陆"," 粤语 , 汉语普通话",2014-10-24,95,255955,"67.0%,26.4%,5.8%,0.5%,0.3%",至尊宝（周星驰 饰）被月光宝盒带回到五百年前，遇见紫霞仙子（朱茵 饰），被对方打上烙印成为对方的人，并发觉自己已变成孙悟空。,"https://img9.doubanio.com/view/photo/sqxs/public/p2002648846.jpg,https://img9.doubanio.com/view/photo/sqxs/public/p2561638425.jpg",https://vt1.doubanio.com/202305231839/8b9d1c851bec1a8b7779ecb92fa5135c/view/movie/M/302150564.mp4
本·阿弗莱克,7.5,气垫传奇,"马特·达蒙,杰森·贝特曼,本·阿弗莱克,克里斯·梅西纳,维奥拉·戴维斯",https://movie.douban.com/subject/35738421/,2023,"剧情,传记,运动", 美国, 英语,2023-03-18,111,3389,"14.4%,48.8%,33.5%,2.8%,0.5%",讲述当年还是新人球员的迈克尔·乔丹，和耐克成立不久的篮球部门合作，凭着Air Jordan改写体育世界及流行文化。片中的故事感动人心，呈现一个不按牌理出牌的团队赌上一切、一位清楚知道自己儿子有着无比才华及巨大价值的母亲，以及一位将成为史上最伟大的篮球天才。,"https://img1.doubanio.com/view/photo/sqxs/public/p2889913060.jpg,https://img2.doubanio.com/view/photo/sqxs/public/p2887724921.jpg,https://img1.doubanio.com/view/photo/sqxs/public/p2889913059.jpg,https://img9.doubanio.com/view/photo/sqxs/public/p2889913055.jpg",https://vt1.doubanio.com/202305231839/6d89dee070b529fa740f5c57ac6023bb/view/movie/M/403010067.mp4
克里斯·哥伦布,9.2,哈利·波特与魔法石,"丹尼尔·雷德克里夫,艾玛·沃森,鲁伯特·格林特,艾伦·瑞克曼,玛吉·史密斯",https://movie.douban.com/subject/1295038/,2001,"奇幻,冒险"," 美国 , 英国", 英语,2002-01-26,152,184376,"65.1%,28.8%,5.7%,0.3%,0.1%",哈利波特是一个孤儿，从小寄养在姨妈家，受尽欺凌。但就在哈利11岁生日的时候，他意外收到了霍格沃茨学院的入学通知书。哈利从该学院派来接他的巨人海格口中得知，这是一间魔法学院，并得知了自己的身世，原来哈利的父母都是伟大的魔法师，在对付伏地魔的战斗中双双献身，唯有哈利幸免于难。,"https://img1.doubanio.com/view/photo/sqxs/public/p443406457.jpg,https://img9.doubanio.com/view/photo/sqxs/public/p985583274.jpg,https://img9.doubanio.com/view/photo/sqxs/public/p985570754.jpg,https://img9.doubanio.com/view/photo/sqxs/public/p985582185.jpg",https://vt1.doubanio.com/202305231839/cb9ca6794996e5e8d99c579adf4be6bc/view/movie/M/402650003.mp4
刘江江,7.3,人生大事,"朱一龙,杨恩又,王戈,刘陆,罗京民",https://movie.douban.com/subject/35460157/,2022,"剧情,家庭"," 中国大陆 , 中国香港"," 武汉话 , 四川话 , 汉语普通话",2022-06-24,112,218476,"14.7%,43.4%,35.8%,5.0%,1.0%",殡葬师莫三妹（朱一龙 饰）在刑满释放不久后的一次出殡中，遇到了孤儿武小文（杨恩又 饰），小文的出现，意外地改变了莫三妹对职业和生活的态度。,"https://img1.doubanio.com/view/photo/sqxs/public/p2874639540.jpg,https://img1.doubanio.com/view/photo/sqxs/public/p2869487700.jpg,https://img2.doubanio.com/view/photo/sqxs/public/p2869854302.jpg,https://img1.doubanio.com/view/photo/sqxs/public/p2869487698.jpg",https://vt1.doubanio.com/202305231839/6c4902960325a1c501be09df8f45d8f9/view/movie/M/402910326.mp4
曾国祥,8.2,少年的你,"周冬雨,易烊千玺,尹昉,周也,吴越",https://movie.douban.com/subject/30166972/,2019,"剧情,爱情,犯罪"," 中国大陆 , 中国香港", 汉语普通话,2019-10-25,135,488320,"33.9%,46.6%,16.1%,2.1%,1.3%",陈念（周冬雨 饰）是一名即将参加高考的高三学生，同校女生胡晓蝶（张艺凡 饰）的跳楼自杀让她的生活陷入了困顿之中。胡晓蝶死后，陈念遭到了以魏莱（周也 饰）为首的三人组的霸凌，魏莱虽然表面上看来是乖巧的优等生，实际上却心思毒辣，胡晓蝶的死和她有着千丝万缕的联系。,"https://img1.doubanio.com/view/photo/sqxs/public/p2556467478.jpg,https://img1.doubanio.com/view/photo/sqxs/public/p2572571839.jpg",https://vt1.doubanio.com/202305231839/98fccb583e07a13bb9fbd4b83985e1f2/view/movie/M/402540875.mp4
"孙皓,温若寒,高寒",7.9,庆余年 第一季,"张若昀,李沁,陈道明,吴刚,李小冉",https://movie.douban.com/subject/25853071/,2019,"剧情,古装", 中国大陆, 汉语普通话,2019-11-26,60,357621,"31.0%,43.7%,18.8%,3.3%,3.2%",某大学文学史专业的学生张庆熟读古典名著，但他用现代观念剖析古代文学史的论文命题不被叶教授所认可。为了让叶教授成为自己的研究生导师，张庆决定通过写小说的方式，进一步阐述自己想要表达的观点。,"https://img2.doubanio.com/view/photo/sqxs/public/p2534887662.jpg,https://img9.doubanio.com/view/photo/sqxs/public/p2573945976.jpg,https://img1.doubanio.com/view/photo/sqxs/public/p2585069958.jpg,https://img9.doubanio.com/view/photo/sqxs/public/p2542376536.jpg",https://vt1.doubanio.com/202305231839/602f48b321f0318fcb2df78bb0917d8d/view/movie/M/402550376.mp4
詹姆斯·卡梅隆,8.8,阿凡达,"萨姆·沃辛顿,佐伊·索尔达娜,西格妮·韦弗,史蒂芬·朗,米歇尔·罗德里格兹",https://movie.douban.com/subject/1652587/,2009,"动作,科幻,冒险", 美国," 英语 , 西班牙语",2010-01-04,162,270462,"54.1%,34.9%,10.0%,0.8%,0.3%",战斗中负伤而下身瘫痪的前海军战士杰克·萨利（萨姆·沃辛顿 Sam Worthington 饰）决定替死去的同胞哥哥来到潘多拉星操纵格蕾丝博士（西格妮·韦弗 Sigourney Weaver 饰）用人类基因与当地纳美部族基因结合创造出的 “阿凡达” 混血生物。杰克的目的是打入纳美部落，外交说服他们自愿离开世代居住的家园，从而SecFor公司可砍伐殆尽该地区的原始森林，开采地下昂贵的“不可得”矿。在探索潘多拉星的过程中，杰克遇到了纳美部落的公主娜蒂瑞（佐伊·索尔达娜 Zoe Saldana 饰），向她学习了纳美人的生存技能与对待自然的态度。与此同时，SecFor公司的经理和军方代表上校迈尔斯（史蒂芬·朗 Stephen Lang 饰）逐渐丧失耐心，决定诉诸武力驱赶纳美人……,"https://img1.doubanio.com/view/photo/sqxs/public/p459544168.jpg,https://img9.doubanio.com/view/photo/sqxs/public/p595308795.jpg",https://vt1.doubanio.com/202305231839/2f706ee8ec343c9195f7159104e5a46f/view/movie/M/402720954.mp4
安吉镐,8.9,黑暗荣耀,"宋慧乔,李到晛,林智妍,郑成日,廉惠兰",https://movie.douban.com/subject/35314632/,2022,剧情, 韩国, 韩语,2022-12-30,58,134558,"53.3%,37.7%,7.9%,0.7%,0.4%",文同珢（宋慧乔 饰）出生在一个贫穷的家庭之中，高中时期，她不幸被班上由朴涎镇（林智妍 饰）和全宰寯（朴成焄 饰）等人组成的小团体选中，成为了他们霸凌的对象。朴涎镇对待文同珢的手段非常的残暴，用卷发棒将其烫得体无完肤。绝望的文同珢想到了自杀，但是最终她放弃了寻死的念头，退了学，进入工厂上班。支持她继续活下去的理由只有一个，那就是有朝一日要向当年霸凌她的人们复仇。,"https://img1.doubanio.com/view/photo/sqxs/public/p2885050718.jpg,https://img1.doubanio.com/view/photo/sqxs/public/p2885050208.jpg,https://img2.doubanio.com/view/photo/sqxs/public/p2885719443.jpg,https://img9.doubanio.com/view/photo/sqxs/public/p2885746555.jpg",https://vt1.doubanio.com/202305231839/0c5b383d28486a9fce5dbeee7845907f/view/movie/M/402980679.mp4
陈畅,8.2,爱情而已,"吴磊,周雨彤,姜珮瑶,朱泳腾,章涛",https://movie.douban.com/subject/35203354/,2023,"剧情,爱情", 中国大陆, 汉语普通话,2023-03-27,41,51988,"36.1%,43.2%,17.8%,2.0%,0.8%",习惯了坐冷板凳的羽毛球运动员宋三川（吴磊 饰），因缘际会结识了人生陷入瓶颈期的梁友安（周雨彤 饰），并在她的邀请下，加入了一个草台网球俱乐部。一个大龄羽转网选手，一个半路出家的俱乐部经理人，和队友们携手克服困难并肩奋战，打造了一个了不起的职业俱乐部，也开启了属于他们自己的第二人生。在此过程中，宋三川和梁友安逐渐萌生爱意，也面临着来自观念和阅历的冲突。随着俱乐部的不断发展，两人在一次次应对挑战中超越自我，最终收获了全新的职业成长，和互为底气的美好爱情。,"https://img2.doubanio.com/view/photo/sqxs/public/p2880605373.jpg,https://img1.doubanio.com/view/photo/sqxs/public/p2880603378.jpg,https://img1.doubanio.com/view/photo/sqxs/public/p2890200720.jpg,https://img1.doubanio.com/view/photo/sqxs/public/p2880605379.jpg",https://vt1.doubanio.com/202305231839/e22c3cbe542f0e62d6af55d8c8c73732/view/movie/M/403020298.mp4
加布里埃莱·穆奇诺,9.2,当幸福来敲门,"威尔·史密斯,贾登·史密斯,坦迪·牛顿,布莱恩·豪威 ,詹姆斯·凯伦",https://movie.douban.com/subject/1849031/,2006,"剧情,家庭,传记", 美国," 英语 , 粤语",2008-01-17,117,244408,"64.8%,29.1%,5.6%,0.4%,0.1%",克里斯•加纳（威尔·史密斯 Will Smith 饰）用尽全部积蓄买下了高科技治疗仪，到处向医院推销，可是价格高昂，接受的人不多。就算他多努力都无法提供一个良好的生活环境给妻儿，妻子（桑迪·牛顿 Thandie Newton 饰）最终选择离开家。从此他带着儿子克里斯托夫（贾登·史密斯 Jaden Smith 饰）相依为命。克里斯好不容易争取回来一个股票投资公司实习的机会，就算没有报酬，成功机会只有百分之五，他仍努力奋斗，儿子是他的力量。他看尽白眼，与儿子躲在地铁站里的公共厕所里，住在教堂的收容所里…… 他坚信，幸福明天就会来临。,"https://img1.doubanio.com/view/photo/sqxs/public/p2562319078.jpg,https://img2.doubanio.com/view/photo/sqxs/public/p2562321331.jpg",https://vt1.doubanio.com/202305231839/9ea5b8e28d0a7e1801e29a787ae04be6/view/movie/M/301210226.mp4
李·克罗宁,6.6,鬼玩人崛起,"莉莉·沙利文,阿丽莎·萨瑟兰,摩根·戴维斯,加布里埃尔·埃霍尔斯,内尔·费希尔",https://movie.douban.com/subject/35410042/,2023,恐怖," 美国 , 新西兰 , 爱尔兰", 英语,2023-03-15,97,5548,"9.2%,28.3%,46.4%,13.0%,3.1%",一对感情疏离的姐妹终于重聚，姐姐艾莉（阿丽莎·萨瑟兰 Alyssa Sutherland 饰）意外被恶魔附体，妹妹贝丝（莉莉·沙利文 Lily Sullivan 饰）和她的外甥女们为生存展开反击。,"https://img1.doubanio.com/view/photo/sqxs/public/p2892033290.jpg,https://img2.doubanio.com/view/photo/sqxs/public/p2892033291.jpg,https://img2.doubanio.com/view/photo/sqxs/public/p2882711002.jpg,https://img1.doubanio.com/view/photo/sqxs/public/p2891789230.jpg",https://vt1.doubanio.com/202305231839/8ee7661f2e836929501672cc2752b6bf/view/movie/M/403030142.mp4
宫崎骏,9.2,龙猫,"日高法子,坂本千夏,糸井重里,岛本须美,北林谷荣",https://movie.douban.com/subject/1291560/,1988,"动画,奇幻,冒险", 日本, 日语,2018-12-14,86,233883,"64.4%,29.5%,5.8%,0.2%,0.1%",小月的母亲生病住院了，父亲带着她与四岁的妹妹小梅到乡间的居住。她们对那里的环境都感到十分新奇，也发现了很多有趣的事情。她们遇到了很多小精灵，她们来到属于她们的环境中，看到了她们世界中很多的奇怪事物，更与一只大大胖胖的龙猫成为了朋友。龙猫与小精灵们利用他们的神奇力量，为小月与妹妹带来了很多神奇的景观，令她们大开眼界。,"https://img9.doubanio.com/view/photo/sqxs/public/p537662596.jpg,https://img1.doubanio.com/view/photo/sqxs/public/p537661988.jpg",https://vt1.doubanio.com/202305231839/771710359588fabd250dc8fb9e6254c6/view/movie/M/402400242.mp4
刘镇伟,9.0,大话西游之月光宝盒,"周星驰,吴孟达,罗家英,蓝洁瑛,莫文蔚",https://movie.douban.com/subject/1299398/,1995,"喜剧,爱情,奇幻,古装"," 中国香港 , 中国大陆"," 粤语 , 汉语普通话",2014-10-24,88,136463,"60.3%,31.6%,7.3%,0.5%,0.2%",孙悟空（周星驰）护送唐三藏（罗家英）去西天取经路上，与牛魔王合谋欲杀害唐三藏，并偷走了月光宝盒，此举使观音萌生将其铲除心思，经唐三藏请求，孙悟空被判五百年后重新投胎做人赎其罪孽。,"https://img9.doubanio.com/view/photo/sqxs/public/p2564991416.jpg,https://img1.doubanio.com/view/photo/sqxs/public/p1512958907.jpg,https://img1.doubanio.com/view/photo/sqxs/public/p2566105187.jpg,https://img9.doubanio.com/view/photo/sqxs/public/p2566104965.jpg",https://vt1.doubanio.com/202305231839/c42eb3fc663528ef4fd669163d7e2ae6/view/movie/M/301640615.mp4
张开宙,7.8,知否知否应是绿肥红瘦,"赵丽颖,冯绍峰,朱一龙,施诗,张佳宁",https://movie.douban.com/subject/26928226/,2018,"剧情,爱情,古装", 中国大陆, 汉语普通话,2018-12-25,55,201713,"28.4%,43.5%,22.3%,3.6%,2.2%",故事发生在大宋年间。扬州通判盛紘的女儿明兰（赵丽颖 饰）蕙质兰心，聪颖可人，可惜母亲偏为侧室，因此倍遭嫡母及其爪牙的忌恨。明兰听从母亲的临终嘱托，收敛锋芒，投靠盛老太太羽翼呵护。而在此期间，她与宁远侯府二公子顾廷烨（冯绍峰 饰）从陌生到相知，后者更成为她人生中不可多得的贵人。母亲的离开并未让明兰从此安然，即使有老太太的呵护，盛府上下依然遍布明枪暗箭，随时威胁着她的安全。在这一过程中，明兰犹如浴火凤凰，忍辱负重，一步步闯过人生重重考验，用自己的力量追寻着人间公正和属于自己的幸福……,"https://img1.doubanio.com/view/photo/sqxs/public/p2515494999.jpg,https://img1.doubanio.com/view/photo/sqxs/public/p2523609248.jpg,https://img2.doubanio.com/view/photo/sqxs/public/p2515495032.jpg,https://img9.doubanio.com/view/photo/sqxs/public/p2543712674.jpg",https://vt1.doubanio.com/202305231839/eaae0ce9c97921a5ea470f0aa6b020c5/view/movie/M/402410164.mp4
季竹青,6.5,这么多年,"张新成,孙千,章若楠,刘丹,吴俊霆",https://movie.douban.com/subject/35591164/,2023,"剧情,爱情,家庭", 中国大陆, 汉语普通话,2023-04-28,116,28459,"13.9%,25.8%,37.7%,15.2%,7.4%",你想象过和前任久别重逢的场景吗？你会抱紧，还是逃离？从小生活在重男轻女环境中的女孩陈见夏（孙千 饰），在振华中学遇见了叛逆却善良的浑小子李燃（张新成 饰），他成为陈见夏生活里的唯一光亮。他们彼此救赎，却又遗憾分开。多年后，重逢的那刻才明白，以为是反复地爱上你，原来是，我一直没有停止过爱你。,"https://img1.doubanio.com/view/photo/sqxs/public/p2877749877.jpg,https://img2.doubanio.com/view/photo/sqxs/public/p2877749852.jpg,https://img1.doubanio.com/view/photo/sqxs/public/p2877749869.jpg,https://img1.doubanio.com/view/photo/sqxs/public/p2877749859.jpg",https://vt1.doubanio.com/202305231839/7ffb38afca00b24b803f0c13c0991313/view/movie/M/403030722.mp4
罗伯·科恩,7.9,速度与激情,"保罗·沃克,范·迪塞尔,米歇尔·罗德里格兹,乔丹娜·布鲁斯特,尹成植",https://movie.douban.com/subject/1304899/,2001,"动作,犯罪"," 美国 , 德国", 英语,2001-06-22,106,25875,"24.1%,48.7%,25.2%,1.7%,0.3%",洛杉矶的年轻人都热衷于街头赛车，在这里，只要你拥有速度，你就拥有一切。新晋警官布赖恩（保罗•沃克 Paul Walker 饰）为了破获最近屡屡发生的飞车党劫车案而充当卧底，打入这里活跃的飞车党帮派中，搜集证据以期将罪犯乘之于法。布赖恩凭借高超的车技很快赢得了飞车党老大多米尼克（范•迪塞尔 Vin Diesel 饰）的欣赏和信任，并且很快和多米尼克的妹妹米亚（乔丹娜•布鲁斯特 Jordana Brewster 饰）堕入爱河。然而飞车党的第二把手文斯却是对布赖恩充满敌意，原来文斯一直暗恋米亚，而且布赖恩的到来威胁着他二把手的地位。,"https://img1.doubanio.com/view/photo/sqxs/public/p2181424417.jpg,https://img9.doubanio.com/view/photo/sqxs/public/p2165877784.jpg,https://img1.doubanio.com/view/photo/sqxs/public/p2162018999.jpg,https://img2.doubanio.com/view/photo/sqxs/public/p2181424433.jpg",https://vt1.doubanio.com/202305231839/23093b7a5892f43d478b2d6ab6f8e1ed/view/movie/M/301970180.mp4
"水野格,狩山俊辅",9.4,重启人生,"安藤樱,夏帆,木南晴夏,松坂桃李,水川麻美",https://movie.douban.com/subject/36156235/,2023,"剧情,喜剧,奇幻", 日本, 日语,2023-01-08,42,81762,"73.9%,22.2%,3.4%,0.3%,0.2%",麻美（安藤樱 饰）是一名33岁的平凡公务员，有一个妹妹遥（志田未来 饰），姐妹之间的关系十分的要好。麻美还有两个好朋友夏希（夏帆 饰）和美穗（木南晴夏 饰），三人在闲暇时常常在一起玩。某日，三个女孩在进行了一天美美的约会之后散场回家，麻美因为弯腰去捡掉在马路上的餐巾纸而遭遇了车祸。,"https://img1.doubanio.com/view/photo/sqxs/public/p2888591237.jpg,https://img2.doubanio.com/view/photo/sqxs/public/p2889191262.jpg,https://img2.doubanio.com/view/photo/sqxs/public/p2886245412.jpg,https://img9.doubanio.com/view/photo/sqxs/public/p2888665065.jpg",https://vt1.doubanio.com/202305231839/a5e1dc2a49c3077d2bc3ea5345b6a8ff/view/movie/M/402990248.mp4
吴京,7.1,战狼2,"吴京,弗兰克·格里罗,吴刚,张翰,卢靖姗",https://movie.douban.com/subject/26363254/,2017,"动作,战争", 中国大陆," 汉语普通话 , 英语",2017-07-27,123,307647,"22.5%,32.4%,29.9%,9.3%,5.9%",由于一怒杀害了强拆牺牲战友房子的恶霸，屡立功勋的冷锋（吴京 饰）受到军事法庭的判决。在押期间，亲密爱人龙小云壮烈牺牲。出狱后，冷锋辗转来到非洲，他辗转各地，只为寻找杀害小云的凶手。在此期间，冷锋逗留的国家发生叛乱，叛徒红巾军大开杀戒，血流成河。中国派出海军执行撤侨任务，期间冷锋得知有一位陈博士被困在五十五公里外的医院，而叛军则试图抓住这位博士。而从另一位华侨（于谦 饰）口中得知，杀害小云的凶手正待在这个国家。,"https://img1.doubanio.com/view/photo/sqxs/public/p2494292760.jpg,https://img1.doubanio.com/view/photo/sqxs/public/p2494525290.jpg,https://img1.doubanio.com/view/photo/sqxs/public/p2508709188.jpg,https://img1.doubanio.com/view/photo/sqxs/public/p2455806450.jpg",https://vt1.doubanio.com/202305231839/be04df32d7cc8a3fef75c283aa738c19/view/movie/M/302200184.mp4
朱塞佩·托纳多雷,9.3,海上钢琴师,"蒂姆·罗斯,普路特·泰勒·文斯,比尔·努恩,克兰伦斯·威廉姆斯三世,梅兰尼·蒂埃里",https://movie.douban.com/subject/1292001/,1998,"剧情,音乐", 意大利," 英语 , 法语 , 意大利语",2019-11-15,165,333248,"70.9%,24.2%,4.4%,0.4%,0.2%",本片讲述了一个钢琴天才传奇的一生。,"https://img2.doubanio.com/view/photo/sqxs/public/p2581352902.jpg,https://img9.doubanio.com/view/photo/sqxs/public/p511131245.jpg",https://vt1.doubanio.com/202305231839/d2ad88c7756b690eeea544a6fbc3d23f/view/movie/M/402620166.mp4
"傅东育,毛溦",8.2,风吹半夏,"赵丽颖,欧豪,李光洁,刘威,柯蓝",https://movie.douban.com/subject/35161592/,2022,"剧情,爱情", 中国大陆, 汉语普通话,2022-11-27,46,140456,"37.5%,40.5%,17.4%,2.9%,1.7%",这是一部时代群像闯剧，讲述了以许半夏为首的有志者怀抱雄心壮志在改革开放的大潮中，奔流涌动，积极探索，不断创新的故事，也展现了上世纪九十年代中小企业在时代浪潮中生存并寻求发展的现实。许半夏（赵丽颖 饰）与童骁骑（欧豪 饰）、陈宇宙（黄澄澄 饰）三人白手起家，最初以收废钢铁为业务，后逐步接触钢铁行业，开始周旋于大型国企、外企、私营企业之间，在漫长的创业岁月中，结识了赵垒（李光洁 饰）、伍建设（刘威 饰）、裘毕正（冯嘉怡 饰）、高跃进（柯蓝 饰）等各色各样的商界人物，感受到了人情冷暖和商场纷争的残酷无情。许半夏凭借其独到的眼光和果敢的个性，在男人扎堆的钢铁行业里披荆斩棘，闯出了一片天地。期间，许半夏经历了良心与资本、道德与利益的矛盾与挣扎，既有痛苦、波折，也有甘甜、收获。,"https://img1.doubanio.com/view/photo/sqxs/public/p2880331459.jpg,https://img9.doubanio.com/view/photo/sqxs/public/p2883196244.jpg,https://img1.doubanio.com/view/photo/sqxs/public/p2880897039.jpg,https://img9.doubanio.com/view/photo/sqxs/public/p2883797135.jpg",https://vt1.doubanio.com/202305231839/3d0c9be8fa2e25a11148e60c1a5c7af6/view/movie/M/402970897.mp4
李力持,8.7,唐伯虎点秋香,"周星驰,巩俐,陈百祥,郑佩佩,朱咪咪",https://movie.douban.com/subject/1306249/,1993,"喜剧,爱情,古装", 中国香港, 粤语,1993-07-01,102,114920,"48.0%,41.0%,10.3%,0.6%,0.1%",唐伯虎（周星驰 饰）身为江南四大才子之首，却有道不尽的心酸。宁王想唐伯虎帮忙图谋作反，唐伯虎只好用内功改变脉象，令众人都相信他命不久矣。母亲埋怨他不应该把功夫暴露，因为他们家族一直被当年的仇人追杀。唐伯虎在与朋友出游时，遇到了貌若天仙的秋香并对她一见钟情，决心要到华府当 家丁以追求秋香，唐伯虎被取名华安。期间华太师遇到了宁王上门刁难，幸好有唐伯虎出面相助，并暴露了自己是唐伯虎的身份。秋香才知道华安是自己欣赏的唐伯虎。华夫人跟唐家有怨，因此二人便开始斗法。怎料宁王跟夺命书生再次上门，华夫人不是对手，幸得唐伯虎出手，华夫人也答应把秋香许配给唐伯虎。,"https://img1.doubanio.com/view/photo/sqxs/public/p2562086477.jpg,https://img1.doubanio.com/view/photo/sqxs/public/p2500052858.jpg,https://img9.doubanio.com/view/photo/sqxs/public/p1009330325.jpg,https://img1.doubanio.com/view/photo/sqxs/public/p2540629949.jpg,https://img2.doubanio.com/view/photo/sqxs/public/p2457685263.jpg",0
"闫非,彭大魔",6.6,西虹市首富,"沈腾,宋芸桦,张一鸣,张晨光,常远",https://movie.douban.com/subject/27605698/,2018,喜剧, 中国大陆, 汉语普通话,2018-07-27,118,280110,"10.3%,28.6%,43.6%,13.5%,4.0%",西虹市丙级球队大翔队的守门员王多鱼（沈腾 饰）因比赛失利被教练开除，一筹莫展之际王多鱼突然收到神秘人士金老板（张晨光 饰）的邀请，被告知自己竟然是保险大亨王老太爷（李立群 饰）的唯一继承人，遗产高达百亿！但是王老太爷给出了一个非常奇葩的条件，那就是要求王多鱼在一个月内花光十亿，还不能告诉身边人，否则失去继承权。王多鱼毫不犹豫签下了“军令状”，与好友庄强（张一鸣 饰）以及财务夏竹（宋芸桦 饰）一起开启了“挥金之旅”，即将成为西虹市首富的王多鱼，第一次感受到了做富人的快乐，同时也发现想要挥金如土实在没有那么简单！,"https://img2.doubanio.com/view/photo/sqxs/public/p2528872261.jpg,https://img1.doubanio.com/view/photo/sqxs/public/p2529120088.jpg",https://vt1.doubanio.com/202305231839/f7fb7db79b3af4444c1fc1321410ba01/view/movie/M/402340328.mp4
陈思诚,5.3,唐人街探案3,"王宝强,刘昊然,妻夫木聪,托尼·贾,长泽雅美",https://movie.douban.com/subject/27619748/,2021,"喜剧,悬疑"," 中国大陆 , 中国香港 , 日本"," 汉语普通话 , 日语 , 英语 , 泰语",2021-02-12,136,475610,"3.6%,12.4%,41.1%,29.6%,13.2%",继曼谷、纽约之后，东京再出大案。唐人街神探唐仁（王宝强 饰）、秦风（刘昊然 饰）受侦探野田昊（妻夫木聪 饰）的邀请前往破案。“CRIMASTER世界侦探排行榜”中的侦探们闻讯后也齐聚东京，加入挑战，而排名第一Q的现身，让这个大案更加扑朔迷离，一场亚洲最强神探之间的较量即将爆笑展开……,"https://img1.doubanio.com/view/photo/sqxs/public/p2583242079.jpg,https://img1.doubanio.com/view/photo/sqxs/public/p2577574989.jpg,https://img1.doubanio.com/view/photo/sqxs/public/p2632859620.jpg,https://img9.doubanio.com/view/photo/sqxs/public/p2632860686.jpg",https://vt1.doubanio.com/202305231839/4a9eb1537dd93b800be03179c9168dfc/view/movie/M/402700799.mp4
拉斯·霍尔斯道姆,9.4,忠犬八公的故事,"理查·基尔,莎拉·罗默尔,琼·艾伦,罗比·萨布莱特,艾瑞克·阿瓦利",https://movie.douban.com/subject/3011091/,2009,剧情," 美国 , 英国"," 英语 , 日语",2009-06-13,93,305050,"74.8%,21.2%,3.6%,0.3%,0.1%",八公（Forest 饰）是一条谜一样的犬，因为没有人知道它从哪里来。教授帕克（理查·基尔 Richard Gere 饰）在小镇的火车站拣到一只走失的小狗，冥冥中似乎注定小狗和帕克教授有着某种缘分，帕克一抱起这只小狗就再也放不下来，最终，帕克对小狗八公的疼爱感化了起初极力反对养狗的妻子卡特（琼·艾伦 Joan Allen 饰）。八公在帕克的呵护下慢慢长大，帕克上班时八公会一直把他送到车站，下班时八公也会早早便爬在车站等候，八公的忠诚让小镇的人家对它更加疼爱。有一天，八公在帕克要上班时表现异常，居然玩起了以往从来不会的捡球游戏，八公的表现让帕克非常满意，可是就是在那天，帕克因病去世。帕克的妻子、女儿安迪（萨拉·罗默尔 Sarah Roemer 饰）及女婿迈克尔（罗比·萨布莱特 Robbie Sublett 饰）怀着无比沉痛的心情埋葬了帕克，可是不明就里的...,"https://img2.doubanio.com/view/photo/sqxs/public/p2571365352.jpg,https://img2.doubanio.com/view/photo/sqxs/public/p524959163.jpg",https://vt1.doubanio.com/202305231839/7862327dbdbe21fdda7327b29f8426b4/view/movie/M/301190901.mp4
沙维琪,7.5,陪你到世界之巅,"王一博,王子璇,严禹豪,丁冠森,吕小雨",https://movie.douban.com/subject/27068601/,2019,"剧情,爱情", 中国大陆, 汉语普通话,2019-06-09,33,54553,"33.4%,28.5%,24.6%,4.7%,8.8%",该剧改编自南野琳儿的原著小说，讲述了在职业竞技选手和专业解说道路上追寻着各自梦想的男主角季向空和女主角邱樱，历经险阻克服困难和误解，携手奋斗最后收获成功的故事。,"https://img2.doubanio.com/view/photo/sqxs/public/p2559222141.jpg,https://img9.doubanio.com/view/photo/sqxs/public/p2557326756.jpg,https://img2.doubanio.com/view/photo/sqxs/public/p2560804301.jpg,https://img9.doubanio.com/view/photo/sqxs/public/p2574156266.jpg",https://vt1.doubanio.com/202305231839/3cf533c7d1d11d3cd86bb5c6d6c30248/view/movie/M/402480277.mp4
郑晓龙,9.4,后宫·甄嬛传,"孙俪,陈建斌,蔡少芬,李东学,蒋欣",https://movie.douban.com/subject/4922787/,2011,"剧情,古装", 中国大陆, 汉语普通话,2011-11-17,38,216231,"74.0%,21.9%,3.2%,0.3%,0.5%",时为满清雍正元年，结束了血腥的夺位之争，新的君主（陈建斌 饰）继位，国泰民安，政治清明，但在一片祥和的表象之下，一股暗流蠢蠢欲动。尤其后宫，华妃（蒋欣 饰）与皇后（蔡少芬 饰）分庭抗礼，各方势力裹挟其中，凶险异常。在太后（刘雪华 饰）的主持下，一场盛大的选秀拉开帷幕。以 此为机缘，美丽善良的女孩——大理寺少卿甄远道长女甄嬛（孙俪 饰）意外得到雍正的赏识，从此步入皇宫。在皇后和华妃两方势力的夹击下，甄嬛小心周旋，忍辱负重，命悬一线。她不得不用自己的智慧保护自己，又一次次被卷入残酷的宫闱斗争之中……,"https://img1.doubanio.com/view/photo/sqxs/public/p2553457628.jpg,https://img1.doubanio.com/view/photo/sqxs/public/p2553457880.jpg,https://img2.doubanio.com/view/photo/sqxs/public/p854609943.jpg,https://img9.doubanio.com/view/photo/sqxs/public/p1573721025.jpg,https://img9.doubanio.com/view/photo/sqxs/public/p1226881085.jpg",0
"彼特·道格特,鲍勃·彼德森",9.1,飞屋环游记,"爱德华·阿斯纳,克里斯托弗·普卢默,乔丹·长井,鲍勃·彼德森,德尔罗伊·林多",https://movie.douban.com/subject/2129039/,2009,"剧情,喜剧,动画,冒险", 美国, 英语,2009-08-04,96,213950,"60.9%,32.5%,6.2%,0.3%,0.1%",小男孩卡尔（Carl Fredricksen）怀揣着对于冒险的热爱偶遇假小子艾丽（Ellie），而艾丽把整个屋子当成一艘大飞船游戏居然使他对这个女孩子有些着迷，相同的爱好最终使两个人成为了一生的爱侣。,"https://img9.doubanio.com/view/photo/sqxs/public/p449472205.jpg,https://img1.doubanio.com/view/photo/sqxs/public/p452562210.jpg,https://img2.doubanio.com/view/photo/sqxs/public/p2571427012.jpg,https://img1.doubanio.com/view/photo/sqxs/public/p1583039430.jpg",https://vt1.doubanio.com/202305231839/2e690cc0f17c6268b0e6ce669018e9f1/view/movie/M/301210014.mp4
延尚昊,8.6,釜山行,"孔刘,郑有美,马东锡,金秀安,金义城",https://movie.douban.com/subject/25986180/,2016,"动作,惊悚,灾难", 韩国, 韩语,2016-05-13,118,262267,"43.4%,44.5%,11.0%,0.8%,0.3%",证券公司基金管理人石宇（孔侑 饰）光鲜精干，却也是个重利轻义之徒。妻子为此与之决裂，女儿秀安（金秀安 饰）则对如此自私的父亲越来越失望，决定前往釜山和母亲生活。在秀安生日这天，石宇抽出时间陪伴女儿登上开往釜山的特快列车。而与此同时，城市四处出现了极为可疑的暴动事件。政府极力洗白无法掩盖丧尸肆虐的事实，即便懵然无知的列车乘客也因为不速之客的到来而堕入恐慌绝望的地狱中。开车的刹那，一名感染者冲入车厢，而她很快尸变并对目光所及之处的健康人展开血腥屠杀。未过多久，丧尸便呈几何数爆发性地增长。石宇被迫和幸存者的乘客们在逼仄的空间中奋力求生。,"https://img1.doubanio.com/view/photo/sqxs/public/p2380013077.jpg,https://img1.doubanio.com/view/photo/sqxs/public/p2379151188.jpg",https://vt1.doubanio.com/202305231839/32b3bb67e94d460cbb3c4745b42bffcf/view/movie/M/302000704.mp4
温子仁,8.4,速度与激情7,"范·迪塞尔,保罗·沃克,杰森·斯坦森,米歇尔·罗德里格兹,乔丹娜·布鲁斯特",https://movie.douban.com/subject/23761370/,2015,"动作,犯罪"," 美国 , 中国大陆 , 日本", 英语,2015-04-12,137,115691,"39.8%,42.3%,15.7%,1.7%,0.6%",经历了紧张刺激的伦敦大战，多米尼克·托雷托（范·迪塞尔 Vin Diesel 饰）和他的伙伴们重新回归平静的生活，但是江湖的恩恩怨怨却决不允许他们轻易抽身而去。棘手的死对头欧文·肖瘫在医院，不得动弹，他的哥哥戴克·肖（杰森·斯坦森 Jason Stantham 饰）则发誓要为弟弟复仇。戴克曾是英国特种部队的王牌杀手，不仅身怀绝技，而且心狠手辣。他干掉了远在东京的韩，还几乎把探长卢克·霍布斯（道恩·强森 Dwayne Johnson 饰）送到另一个世界，甚至多米尼克那世外桃源般的家也被对方炸毁。,"https://img1.doubanio.com/view/photo/sqxs/public/p2226014888.jpg,https://img1.doubanio.com/view/photo/sqxs/public/p2237384408.jpg,https://img1.doubanio.com/view/photo/sqxs/public/p2236554239.jpg,https://img1.doubanio.com/view/photo/sqxs/public/p2234374519.jpg",https://vt1.doubanio.com/202305231839/c99ff43d814bdab7d8d3c01a094f83cb/view/movie/M/301700923.mp4
"刘伟强,麦兆辉",9.3,无间道,"刘德华,梁朝伟,黄秋生,曾志伟,陈慧琳",https://movie.douban.com/subject/1307914/,2002,"剧情,惊悚,犯罪", 中国香港, 粤语,2003-09-05,101,219542,"69.0%,26.9%,3.9%,0.2%,0.1%",1991年，香港黑帮三合会会员刘健明（刘德华）听从老大韩琛（曾志伟）的吩咐，加入警察部队成为黑帮卧底，韩琛许诺刘健明会帮其在七年后晋升为见习督察。1992年，警察训练学校优秀学员陈永仁（梁朝伟）被上级要求深入到三合会做卧底，终极目标是成为韩琛身边的红人。2002年，两人都不负重望，也都身背重压，刘健明渐想成为一个真正的好人，陈永仁则盼着尽快回归警察身份。,"https://img1.doubanio.com/view/photo/sqxs/public/p2581669417.jpg,https://img1.doubanio.com/view/photo/sqxs/public/p462575438.jpg",https://vt1.doubanio.com/202305231840/d398ee98f85b2fbfee69014efc1dc71c/view/movie/M/402980132.mp4
林诣彬,5.1,速度与激情9,"范·迪塞尔,约翰·塞纳,米歇尔·罗德里格兹,乔丹娜·布鲁斯特,泰瑞斯·吉布森",https://movie.douban.com/subject/25728006/,2021,"动作,犯罪", 美国, 英语,2021-05-21,142,79552,"2.1%,9.0%,43.0%,36.3%,9.7%",“唐老大”多姆·托莱多（范·迪塞尔 饰）与莱蒂（米歇尔·罗德里格兹 饰）和他的儿子小布莱恩，过上了远离纷扰的平静生活。然而他们也知道，安宁之下总潜藏着危机。这一次，为了保护他所爱的人，唐老大不得不直面过去。他和伙伴们面临的是一场足以引起世界动荡的阴谋，以及一个前所未遇的一流杀手和高能车手。而这个名叫雅各布（约翰·塞纳 饰）的人，恰巧是多姆遗落在外的亲弟弟。,"https://img1.doubanio.com/view/photo/sqxs/public/p2567748627.jpg,https://img1.doubanio.com/view/photo/sqxs/public/p2583400350.jpg",https://vt1.doubanio.com/202305231840/3445ce186fa6b3435b557b311f2322c1/view/movie/M/402740530.mp4
藤井道人,6.7,余生那些年,"小松菜奈,坂口健太郎,山田裕贵,奈绪,井口理",https://movie.douban.com/subject/35418583/,2022,"剧情,爱情", 日本, 日语,2023-05-20,124,11107,"8.1%,28.3%,53.1%,9.8%,0.7%",一段以10年为期限的生命，一场以10年为倒数的爱情。 20岁的高林茉莉（小松菜奈 饰）因患罕见病被告知仅剩10年寿命，已经注定结局的命运，却因为在同窗会遇到真部和人（坂口健太郎 饰）而产生意外的插曲。爱情的眷恋、亲情的牵念、友情的羁绊……在余下的时光里，茉莉开始重新思索对待自己和世界的方式——如果生命只剩10年， 是否还会去做想做的事，去爱想爱的人？ 电影改编自同名小说，原作者小坂流加和主人公茉莉一样身患绝症，并于2017年2月文库本发行前夕离世。,"https://img1.doubanio.com/view/photo/sqxs/public/p2868242100.jpg,https://img2.doubanio.com/view/photo/sqxs/public/p2868614431.jpg,https://img1.doubanio.com/view/photo/sqxs/public/p2870279357.jpg,https://img9.doubanio.com/view/photo/sqxs/public/p2868350696.jpg",https://vt1.doubanio.com/202305231840/b6b41b6b315b7b321c9ed9f5266ed86e/view/movie/M/403040553.mp4
"安东尼·罗素,乔·罗素",8.5,复仇者联盟4：终局之战,"小罗伯特·唐尼,克里斯·埃文斯,马克·鲁弗洛,克里斯·海姆斯沃斯,乔什·布洛林",https://movie.douban.com/subject/26100958/,2019,"剧情,动作,科幻,奇幻,冒险", 美国," 英语 , 日语 , 科萨语",2019-04-24,181,318411,"46.3%,35.1%,15.6%,2.0%,0.9%",一声响指，宇宙间半数生命灰飞烟灭。几近绝望的复仇者们在惊奇队长（布丽·拉尔森 Brie Larson 饰）的帮助下找到灭霸（乔什·布洛林 Josh Brolin 饰）归隐之处，却得知六颗无限宝石均被销毁，希望彻底破灭。如是过了五年，迷失在量子领域的蚁人（保罗·路德 Paul Rudd 饰）意外回到现实世界，他的出现为幸存的复仇者们点燃了希望。与美国队长（克里斯·埃文斯 Chris Evans 饰）冰释前嫌的托尼（小罗伯特·唐尼 Robert Downey Jr. 饰）找到了穿越时空的方法，星散各地的超级英雄再度集结，他们分别穿越不同的时代去搜集无限宝石。而在这一过程中，平行宇宙的灭霸察觉了他们的计划。,"https://img9.doubanio.com/view/photo/sqxs/public/p2553240846.jpg,https://img9.doubanio.com/view/photo/sqxs/public/p2563987106.jpg",https://vt1.doubanio.com/202305231840/377570978f5c26155f0c976b664ecf2b/view/movie/M/402440458.mp4
"陈凯歌,张一白,管虎,薛晓路,徐峥,宁浩,文牧野",7.6,我和我的祖国,"黄渤,张译,韩昊霖,杜江,葛优",https://movie.douban.com/subject/32659890/,2019,剧情, 中国大陆, 汉语普通话,2019-09-30,155,297656,"20.7%,44.8%,29.4%,3.9%,1.1%",七位导演分别取材新中国成立70周年以来，祖国经历的无数个历史性经典瞬间。讲述普通人与国家之间息息相关密不可分的动人故事。聚焦大时代大事件下，小人物和国家之间，看似遥远实则密切的关联，唤醒全球华人共同回忆。,"https://img2.doubanio.com/view/photo/sqxs/public/p2570208432.jpg,https://img1.doubanio.com/view/photo/sqxs/public/p2570207668.jpg",https://vt1.doubanio.com/202305231840/5ca257e674682f90fcb0bf858b4eada3/view/movie/M/402520949.mp4
佩顿·里德,5.8,蚁人与黄蜂女：量子狂潮,"保罗·路德,伊万杰琳·莉莉,迈克尔·道格拉斯,米歇尔·菲佛,乔纳森·梅杰斯",https://movie.douban.com/subject/34610636/,2023,"喜剧,动作,科幻,冒险", 美国, 英语,2023-02-17,125,48343,"3.4%,16.3%,52.3%,23.3%,4.7%",影片是《蚁人》系列的第三部作品，同时也是漫威电影宇宙第五阶段的揭幕之作。故事发生于《复仇者联盟4：终局之战》之后，“蚁人”斯科特·朗（保罗·路德 Paul Rudd 饰）和“黄蜂女”霍普·凡·戴恩（伊万杰琳·莉莉 Evangeline Lilly 饰）成了拯救世界的英雄人物，皮姆博士与久违归来的珍妮特 也享受着平静的半退休生活，然而因为意外他们和斯科特的女儿凯茜（凯瑟琳·纽 顿 Kathryn Newton 饰）一起误入量子领域，在这个充满危险的未知世界遭遇了漫威电影宇宙最强反派——征服者康（乔纳森·梅杰斯 Jonathan Majors 饰），开始了一场超越他们想象极限的冒险。,"https://img2.doubanio.com/view/photo/sqxs/public/p2885228981.jpg,https://img1.doubanio.com/view/photo/sqxs/public/p2886480220.jpg,https://img1.doubanio.com/view/photo/sqxs/public/p2886275867.jpg,https://img9.doubanio.com/view/photo/sqxs/public/p2888097745.jpg",https://vt1.doubanio.com/202305231843/e738b05984d5e79e43ec4c9f29a0ecf7/view/movie/M/402990870.mp4
"伊峥,钱敬午",8.1,苍兰诀,"虞书欣,王鹤棣,徐海乔,郭晓婷,张凌赫",https://movie.douban.com/subject/34779776/,2022,"奇幻,古装", 中国大陆, 汉语普通话,2022-08-07,58,317655,"41.3%,33.7%,17.9%,3.5%,3.6%",魄心族神女被魔尊东方青苍灭族，万年后重生成天界低阶仙女小兰花，无意间复活了困于昊天塔的灭族仇人魔尊。为获得自由，这次东方青苍要牺牲小兰花的神女之魂解开身上咒术封印，在此过程中，这个断情绝爱的大魔头却爱上了温顺可爱小精怪……,"https://img2.doubanio.com/view/photo/sqxs/public/p2640370611.jpg,https://img2.doubanio.com/view/photo/sqxs/public/p2877948543.jpg,https://img1.doubanio.com/view/photo/sqxs/public/p2877948377.jpg,https://img1.doubanio.com/view/photo/sqxs/public/p2640370608.jpg",https://vt1.doubanio.com/202305231843/9e899d9a27e7f000ae6ca4a7991f5ed5/view/movie/M/402910570.mp4
"朱锐斌,李秉光,澄丰",7.8,香蜜沉沉烬如霜,"杨紫,邓伦,陈钰琪,罗云熙,王一菲",https://movie.douban.com/subject/26920281/,2018,"爱情,奇幻,古装", 中国大陆, 汉语普通话,2018-08-02,39,207341,"33.5%,34.1%,24.0%,4.9%,3.5%",纵使贵为神尊，仍不免为情所困，落入自家的红尘落网。花神梓芬被爱情几乎夺去性命，弥留之际，她将陨丹喂给刚出生不久女儿锦觅（杨紫 饰），以帮她断情绝爱，免去万年之中的一场情劫。母亲去世后，锦觅在结界的保护下过着悠然自在的生活。然而随着年岁的长大，她开始对外面的世界充满好奇。命中注定的机缘，锦觅救下了天帝之子旭凤（邓伦 饰）。以此为机缘，锦觅第一次跨过结界，随着旭凤来到天界。在相处的过程中，高傲的旭凤渐渐对这个机灵可爱的小花神动了心。同样对锦觅动心的还有旭凤的哥哥润玉（罗云熙 饰）。,"https://img9.doubanio.com/view/photo/sqxs/public/p2532396784.jpg,https://img9.doubanio.com/view/photo/sqxs/public/p2532238895.jpg,https://img1.doubanio.com/view/photo/sqxs/public/p2495110507.jpg,https://img2.doubanio.com/view/photo/sqxs/public/p2495773182.jpg",https://vt1.doubanio.com/202305231843/2a10621ec2567d7fba5fca55b907111f/view/movie/M/402340569.mp4
"郭虎,任海涛",5.9,沉香如屑·沉香重华,"杨紫,成毅,张睿,孟子义,朱泳腾",https://movie.douban.com/subject/35029547/,2022,古装, 中国大陆, 汉语普通话,2022-07-20,65,326656,"21.5%,16.1%,19.4%,20.8%,22.2%","根据苏寞小说《沉香如屑》改编。颜淡（杨紫 饰）本是上古遗族——四叶菡萏，自古全身都是医药至宝，由于提前一百年与她那双生姊妹芷昔在王母盛宴上化形成人，这便遇到了生平最大的劫——情劫。本想用半颗心换应渊君（成毅 饰）的真情，却不料要用风华正茂的八百年来忘却他。一尾上古遗留仅剩自己的九鳍 ，习惯了颜淡的故事，竟将自己融入到颜淡的故事里，为寻颜淡弃仙成妖，余墨山主便成了颜淡重新开始生活的强大寄托。铘阑山，也成了他们一起安定的家，为了壮大自己，余墨常带颜淡""日行一善""，处罚恶人时却遇到前世应渊君，今生除妖天师唐周的阻扰和迫害。进而展开了颜淡和这天师既斗智，又共患难的凡间生活。在帮助唐周找寻四件上古神器的同时，发现了一个又一个带着神秘色彩的事情。神器寻完，帝君归位。颜淡此刻终于发现自己的归属。","https://img9.doubanio.com/view/photo/sqxs/public/p2674258944.jpg,https://img1.doubanio.com/view/photo/sqxs/public/p2674258939.jpg,https://img9.doubanio.com/view/photo/sqxs/public/p2876837065.jpg,https://img9.doubanio.com/view/photo/sqxs/public/p2877261085.jpg",https://vt1.doubanio.com/202305231843/10ce4cb6d84c8c4c0186d70f9978ab71/view/movie/M/402780800.mp4
韦正,8.4,破事精英 第二季,"李佳航,成果,张一铎,屠画,刘中秋",https://movie.douban.com/subject/35981366/,2023,"剧情,喜剧", 中国大陆, 汉语普通话,2023-04-29,68,9002,"42.3%,41.2%,12.6%,2.7%,1.3%",破事部曾经是万兽集团最没存在感的部门。老好人经理胡强（李佳航 饰）、刺头程序员欧阳莫菲（成果 饰）、鸡血销售唐海星（张一铎 饰）、八卦秘书金若愚（屠画 饰）、强迫症设计师苏克杰（刘中秋 饰）、过劳肥文案庞小白（李汶凡 饰）、乐天派助理沙乐乐（孙艺文 饰）成天处理其他部门不愿意干的破事。但因为在万兽集团的裁员风波中剑走偏锋，以小博大，破事部不但挽救了自己，也让不少同事免于被裁，让领导刮目相看。破事部所有人都迎来了升职加薪，但更荒唐、更爆笑的破事也在等着他们，破事部的咸鱼怨种们即将迎来全新的打工日常。,"https://img2.doubanio.com/view/photo/sqxs/public/p2891782621.jpg,https://img1.doubanio.com/view/photo/sqxs/public/p2891060927.jpg,https://img1.doubanio.com/view/photo/sqxs/public/p2891060928.jpg,https://img1.doubanio.com/view/photo/sqxs/public/p2891782588.jpg",https://vt1.doubanio.com/202305231843/8be0eb187467421c95da1c6391a4634d/view/movie/M/403030692.mp4
林超贤,8.2,红海行动,"张译,黄景瑜,海清,杜江,蒋璐霞",https://movie.douban.com/subject/26861685/,2018,"动作,战争"," 中国大陆 , 中国香港"," 汉语普通话 , 阿拉伯语 , 英语 , 索马里语 , 粤语",2018-02-16,138,285086,"37.7%,41.4%,17.3%,2.5%,1.0%",中东国家伊维亚共和国发生政变，武装冲突不断升级。刚刚在索马里执行完解救人质任务的海军护卫舰临沂号，受命前往伊维亚执行撤侨任务。舰长高云（张涵予 饰）派出杨锐（张译 饰）率领的蛟龙突击队登陆战区，护送华侨安全撤离。谁知恐怖组织扎卡却将撤侨部队逼入交火区，一场激烈的战斗在所难免。与此同时，法籍华人记者夏楠（海清 饰）正在伊维亚追查威廉·柏森博士贩卖核原料的事实，而扎卡则突袭柏森博士所在的公司，意图抢走核原料。混战中，一名隶属柏森博士公司的中国员工成为人质。为了解救该人质，八名蛟龙队员必须潜入有150名恐怖分子的聚集点，他们用自己的信念和鲜血铸成中国军人顽强不屈的丰碑！,"https://img9.doubanio.com/view/photo/sqxs/public/p2563584375.jpg,https://img1.doubanio.com/view/photo/sqxs/public/p2511456490.jpg",https://vt1.doubanio.com/202305231843/96c5ca6c2517effdeb6fb31f5fbf1534/view/movie/M/302260016.mp4
"孔笙,李雪",9.4,琅琊榜,"胡歌,刘涛,王凯,陈龙,黄维德",https://movie.douban.com/subject/25754848/,2015,"剧情,古装", 中国大陆, 汉语普通话,2015-09-19,38,251347,"77.3%,18.4%,3.0%,0.5%,0.8%",十二年前七万赤焰军被奸人所害导致全军覆没，冤死梅岭，只剩少帅林殊侥幸生还。十二年后林殊改头换面化身“麒麟才子”梅长苏（胡歌 饰），建立江左盟，以“琅琊榜”第一才子的身份重返帝都。梅长苏背负血海深仇，暗中帮助昔日挚友靖王（王凯 饰）周旋于太子（高鑫 饰）与誉 王（黄维德 饰）的斗争之中，同时又遇到了昔日未婚妻——云南王郡主穆霓凰（刘涛 饰）却不能相见。梅长苏以病弱之躯为昭雪冤案、为振兴河山，踏上了一条黑暗又惊心动魄的夺嫡之路。,"https://img9.doubanio.com/view/photo/sqxs/public/p2253291546.jpg,https://img2.doubanio.com/view/photo/sqxs/public/p2175071172.jpg,https://img1.doubanio.com/view/photo/sqxs/public/p2178251649.jpg,https://img2.doubanio.com/view/photo/sqxs/public/p2267895692.jpg,https://img9.doubanio.com/view/photo/sqxs/public/p2253291424.jpg",0
约翰·辛格顿,7.5,速度与激情2,"保罗·沃克,泰瑞斯·吉布森,伊娃·门德斯,科尔·豪瑟,卢达克里斯",https://movie.douban.com/subject/1307442/,2003,"动作,犯罪"," 美国 , 德国"," 英语 , 西班牙语",2003-06-03,107,15670,"18.6%,42.1%,35.5%,3.4%,0.4%",迈阿密狡猾的商人卡特（科尔•豪瑟 Cole Hauser 饰）利用自己的贸易公司做幌子，暗中进行着国际洗钱活动。虽然FBI对他监视已久，但是卡特平日十分小心谨慎，几乎与世隔绝，所以一直没找到他的犯罪证据。FBI获悉了卡特十分喜欢地下赛车，是当地飞车党的头目。为了获得他的 犯罪证据，只好找上一集中成功破获洛杉矶飞车党劫车案的布赖恩（保罗•沃克 Paul Walker 饰）重新出山。,"https://img2.doubanio.com/view/photo/sqxs/public/p2181420643.jpg,https://img9.doubanio.com/view/photo/sqxs/public/p2181419404.jpg,https://img9.doubanio.com/view/photo/sqxs/public/p2181419396.jpg,https://img2.doubanio.com/view/photo/sqxs/public/p2181419103.jpg",https://vt1.doubanio.com/202305231843/9e2d830d8ffbf1ea6217299f74870c10/view/movie/M/301260021.mp4
张吃鱼,6.6,独行月球,"沈腾,马丽,常远,李诚儒,黄才伦",https://movie.douban.com/subject/35183042/,2022,"喜剧,科幻", 中国大陆," 汉语普通话 , 英语",2022-07-29,122,284225,"9.9%,30.1%,44.2%,12.6%,3.3%",人类为抵御小行星的撞击，拯救地球，在月球部署了月盾计划。陨石提前来袭，全员紧急撤离时，维修工独孤月（沈腾 饰）因为意外，错过了领队马蓝星（马丽 饰）的撤离通知，一个人落在了月球。不料月盾计划失败，独孤月成为了“宇宙最后的人类”，开始了他在月球上破罐子破摔的生活……,"https://img9.doubanio.com/view/photo/sqxs/public/p2876606695.jpg,https://img1.doubanio.com/view/photo/sqxs/public/p2876589600.jpg,https://img1.doubanio.com/view/photo/sqxs/public/p2876606698.jpg,https://img2.doubanio.com/view/photo/sqxs/public/p2876589602.jpg",https://vt1.doubanio.com/202305231843/f30f355b9f2a1177f7c783c00c2359a0/view/movie/M/402920596.mp4
陈思诚,7.7,唐人街探案,"王宝强,刘昊然,佟丽娅,陈赫,肖央",https://movie.douban.com/subject/26311973/,2015,"喜剧,动作,悬疑", 中国大陆," 汉语普通话 , 泰语 , 英语",2015-12-31,135,197696,"20.7%,49.6%,25.6%,3.1%,1.0%",天赋异禀的结巴少年秦风（刘昊然 饰）警校落榜，被姥姥遣送泰国找远房表舅——号称“唐人街第一神探”，实则猥琐的大叔唐仁（王宝强 饰）散心。不想一夜花天酒地后，唐仁沦为离奇凶案嫌疑人，不得不和秦风亡命天涯……穷追不舍的警探黄兰登（陈赫 饰）、无敌幸运的警察坤泰（肖央 饰）、穷凶极恶的匪帮三人组、高深莫测的唐人街教父、美艳风骚的老板娘阿香（佟丽娅 饰）等悉数登场！七天！唐仁、秦风必须取长补短、同仇敌忾！他们能否躲避警察追捕、匪帮追杀、黑帮围剿，在短短七天内，完成找到失落的黄金并查明真凶，为自己洗清罪名这些逆天的任务？,"https://img2.doubanio.com/view/photo/sqxs/public/p2295501883.jpg,https://img1.doubanio.com/view/photo/sqxs/public/p2266457779.jpg,https://img9.doubanio.com/view/photo/sqxs/public/p2295501895.jpg,https://img2.doubanio.com/view/photo/sqxs/public/p2296373251.jpg",https://vt1.doubanio.com/202305231843/9d151f655a57ca33585c6c45ac7ccbe6/view/movie/M/301880685.mp4
宫崎骏,9.1,哈尔的移动城堡,"倍赏千惠子,木村拓哉,美轮明宏,我修院达也,神木隆之介",https://movie.douban.com/subject/1308807/,2004,"动画,奇幻,冒险", 日本, 日语,2004-09-05,119,181623,"63.8%,29.4%,6.2%,0.4%,0.1%",继母因无力负担生活，将苏菲和她的两个妹妹都送到了制帽店去当学徒。两个妹妹很快先后就离开了制帽店去追寻各自的梦想，只有苏菲坚持了下来。一天，小镇旁边来了一座移动堡垒，传说堡垒的主人哈尔专吸取年青姑娘的灵魂，所以小镇的姑娘都不敢靠近。,"https://img9.doubanio.com/view/photo/sqxs/public/p1057724945.jpg,https://img2.doubanio.com/view/photo/sqxs/public/p1057725412.jpg,https://img9.doubanio.com/view/photo/sqxs/public/p991884485.jpg,https://img2.doubanio.com/view/photo/sqxs/public/p991876962.jpg",https://vt1.doubanio.com/202305231843/700dbcecfeef37e04ac63a2a6e7e58fc/view/movie/M/301370586.mp4
新海诚,7.3,铃芽之旅,"原菜乃华,松村北斗,深津绘里,染谷将太,伊藤沙莉",https://movie.douban.com/subject/35371261/,2022,"爱情,动画,奇幻", 日本, 日语,2023-03-24,121,148568,"16.1%,42.2%,34.7%,5.7%,1.2%",故事讲述生活在日本九州田舍的17岁少女・铃芽遇见了为了寻找“门”而踏上旅途的青年。追随着青年的脚步，铃芽来到了山上一片废墟之地，在这里静静伫立着一扇古老的门，仿佛是坍塌中存留的唯一遗迹。铃芽仿佛被什么吸引了一般，将手伸向了那扇门…,"https://img2.doubanio.com/view/photo/sqxs/public/p2881462532.jpg,https://img9.doubanio.com/view/photo/sqxs/public/p2867941234.jpg,https://img2.doubanio.com/view/photo/sqxs/public/p2887651301.jpg,https://img9.doubanio.com/view/photo/sqxs/public/p2889677914.jpg",https://vt1.doubanio.com/202305231843/bba26f3415dd85cfe281de232ce6a348/view/movie/M/403030173.mp4
林诣彬,8.5,速度与激情5,"范·迪塞尔,保罗·沃克,乔丹娜·布鲁斯特,泰瑞斯·吉布森,卢达克里斯",https://movie.douban.com/subject/4286017/,2011,"动作,犯罪", 美国," 英语 , 葡萄牙语 , 西班牙语 , 意大利语 , 法语",2011-05-12,130,70073,"39.6%,45.3%,13.8%,1.0%,0.2%",蛰伏2年之后，多米尼克（范•迪塞尔 Vin Diesel饰）与布莱恩（保罗•沃克 Paul Walker 饰）再度联手把火车中的神秘豪车盗走，遭到了警察和黑帮分子的火线追杀。布莱恩和米亚（乔丹娜•布鲁斯特 Jordana Brewster 饰）到里约寻找援兵，并与多米会和。为了寻找多米等人的下落，FBI王牌探员卢克（“岩石”道恩•强森 Dwayne Johnson饰）挺身而出，组成精英部队，追查来到里约。他雇佣了丧夫的美丽女警艾莲娜（埃尔莎•帕塔奇 Elsa Pataky 饰），一同寻找多米。与此同时，里约的地头蛇也对这些不速之客开火。三股势力开始相互缠斗。,"https://img1.doubanio.com/view/photo/sqxs/public/p985440149.jpg,https://img9.doubanio.com/view/photo/sqxs/public/p985504895.jpg,https://img1.doubanio.com/view/photo/sqxs/public/p759597367.jpg,https://img2.doubanio.com/view/photo/sqxs/public/p759595021.jpg",https://vt1.doubanio.com/202305231843/91bd5fe991187b6b7cf48aa878ce8792/view/movie/M/301000952-1.mp4
林诣彬,7.0,速度与激情3：东京漂移,"卢卡斯·布莱克,宝娃,扎切里·泰·布莱恩,纳塔莉·凯利,布莱恩·古德曼",https://movie.douban.com/subject/1652618/,2006,"动作,犯罪"," 美国 , 德国 , 日本"," 英语 , 日语 , 葡萄牙语",2006-06-16,104,19848,"15.8%,30.4%,43.3%,9.0%,1.5%",东京，一直是改装汽车爱好者的天堂，复杂狭窄的街道成为了他们用激情和速度去拼杀的赛道。由于东京街道的弯道极度，在这样的路线上比拼速度，单纯的速度是无法获得胜利。所以，东京的街道赛变成了漂移技术的比赛。男主角尚恩（卢卡斯·布莱克 Lucas Black 饰）注定是个失败者，在学校毫无朋友，唯一能发泄的地方就只有街头赛车，在经历一次非法赛车被警方通缉后，为躲避牢狱之灾，不得不离开美国，到东京他在军中服役的父亲家中。可是父亲的专制，让尚恩觉得与其格格不入，每天仍然沉迷于街头赛车中。东京赛车极高的漂移技术把尚恩深深吸引，并结识了“漂移之王”DK（布莱恩·泰 Brian Tee 饰）。由于与日本的犯罪集团扯上关系，尚恩不得不为弥补自己的过失再次比赛，而这次比赛的赌注却是自己的生命。一场东京狂飙，就此拉开……,"https://img9.doubanio.com/view/photo/sqxs/public/p2552570394.jpg,https://img2.doubanio.com/view/photo/sqxs/public/p2036875651.jpg,https://img9.doubanio.com/view/photo/sqxs/public/p2181427514.jpg,https://img9.doubanio.com/view/photo/sqxs/public/p2181428216.jpg,https://img1.doubanio.com/view/photo/sqxs/public/p2036871307.jpg",0
詹姆斯·卡梅隆,7.8,阿凡达：水之道,"萨姆·沃辛顿,佐伊·索尔达娜,西格妮·韦弗,史蒂芬·朗,克利夫·柯蒂斯",https://movie.douban.com/subject/4811774/,2022,"动作,科幻,冒险", 美国, 英语,2022-12-16,193,214797,"26.9%,44.3%,24.1%,3.7%,1.0%",影片设定在《阿凡达》的剧情落幕十余年后，讲述了萨利一家（杰克、奈蒂莉和孩子们）的故事：危机未曾消散，一家人拼尽全力彼此守护、奋力求生，并历经艰险磨难。,"https://img1.doubanio.com/view/photo/sqxs/public/p2884212380.jpg,https://img9.doubanio.com/view/photo/sqxs/public/p2884853635.jpg",https://vt1.doubanio.com/202305231843/dd5ca33a18253aa07a6c2e240e5e87e3/view/movie/M/402970784.mp4
史蒂文·斯皮尔伯格,8.7,头号玩家,"泰伊·谢里丹,奥利维亚·库克,本·门德尔森,马克·里朗斯,丽娜·维特",https://movie.douban.com/subject/4920389/,2018,"动作,科幻,冒险", 美国," 英语 , 日语 , 汉语普通话",2018-03-30,140,341745,"48.5%,37.9%,12.0%,1.3%,0.4%",故事发生在2045年，虚拟现实技术已经渗透到了人类生活的每一个角落。詹姆斯哈利迪（马克·里朗斯 Mark Rylance 饰）一手建造了名为“绿洲”的虚拟现实游戏世界，临终前，他宣布自己在游戏中设置了一个彩蛋，找到这枚彩蛋的人即可成为绿洲的继承人。要找到这枚彩蛋，必须先获得三把钥匙，而寻找钥匙的线索就隐藏在詹姆斯的过往之中。,"https://img1.doubanio.com/view/photo/sqxs/public/p2517608437.jpg,https://img1.doubanio.com/view/photo/sqxs/public/p2517122378.jpg",https://vt1.doubanio.com/202305231843/c9516aed41236c59d603484d94de5ff7/view/movie/M/402290187.mp4
奉俊昊,8.8,寄生虫,"宋康昊,李善均,曹汝贞,崔宇植,朴素丹",https://movie.douban.com/subject/27010768/,2019,剧情, 韩国," 韩语 , 英语",2019-05-21,132,350632,"49.4%,41.7%,8.0%,0.6%,0.3%",基宇（崔宇植 饰）出生在一个贫穷的家庭之中，和妹妹基婷（朴素丹 饰）以及父母在狭窄的地下室里过着相依为命的日子。一天，基宇的同学上门拜访，他告诉基宇，自己在一个有钱人家里给他们的女儿做家教，太太是一个头脑简单出手又阔绰的女人，因为自己要出国留学，所以将家教的职位暂时转交给基宇。,"https://img1.doubanio.com/view/photo/sqxs/public/p2564849769.jpg,https://img9.doubanio.com/view/photo/sqxs/public/p2557008995.jpg",https://vt1.doubanio.com/202305231844/f9bc2e8cb1b1471b459995e36ce49405/view/movie/M/402480483.mp4
林诣彬,7.9,速度与激情6,"范·迪塞尔,保罗·沃克,道恩·强森,乔丹娜·布鲁斯特,米歇尔·罗德里格兹",https://movie.douban.com/subject/6537500/,2013,"动作,犯罪", 美国," 英语 , 俄语 , 西班牙语 , 印度尼西亚语 , 丹麦语 , 粤语",2013-07-26,130,59432,"23.7%,49.4%,24.4%,2.1%,0.4%",俄罗斯莫斯科闹市中央，执行押送任务的军方部队遭到一伙训练有素的匪徒袭击，大战过后的现场惨不忍睹，重要的卫星元件遭到劫持。国际刑警霍布斯（道恩·强森 Dwayne Johnson 饰）查明，包括此案在内的一系列案件均系前特种部队军人欧文·肖（卢克·伊万斯 Luke Evans 饰）所为。为了将这群训练有素、老练凶狠的匪徒绳之于法，他辗转找到隐居世外桃源的多米尼克·托雷多（范·迪塞尔 Vin Diesel 饰）助拳。霍布斯开出的条件令人难以拒绝，他不仅可以将托雷多和布莱恩（保罗·沃克 Paul Walker 饰）一伙从前的犯罪记录一笔勾销，此外欧文一伙中竟然还有本该死去的拉蒂（米歇尔·罗德里格兹 Michelle Rodriguez 饰）。,"https://img2.doubanio.com/view/photo/sqxs/public/p1978208372.jpg,https://img2.doubanio.com/view/photo/sqxs/public/p1978162583.jpg,https://img9.doubanio.com/view/photo/sqxs/public/p1978208614.jpg,https://img1.doubanio.com/view/photo/sqxs/public/p1978207419.jpg",https://vt1.doubanio.com/202305231844/39a378272df54d62b0994c6a8a4e4488/view/movie/M/301380889.mp4
林诣彬,7.8,速度与激情4,"范·迪塞尔,保罗·沃克,米歇尔·罗德里格兹,乔丹娜·布鲁斯特,盖尔·加朵",https://movie.douban.com/subject/2132930/,2009,"动作,犯罪", 美国, 英语,2009-04-15,107,17463,"21.5%,51.0%,25.9%,1.4%,0.2%",在《速度与激情1》中，为了逃避警察的追捕，多米尼克（范·迪塞尔 Vin Diesel 饰）离开洛杉矶一直流亡于多米尼加共和国。而一车价值140万美金的石油装载车让蛰伏多年的多米尼克再次驾车驰骋起来。而这时，却传来红颜知己莉迪（米歇尔·罗德里格兹 Michelle Rodriguez 饰）惨死的消息。为了查明真相，满腔怒火的多米尼克再次孤身赶回美国。原来，莉迪是为了获得赦免多米尼克的机会，而协助警局抓捕大毒枭坎波斯（约翰·奥提兹 John Ortiz 饰）。不过出于习惯，坎波斯将运送毒品后的莉迪杀人灭口。这样，一边是为女友报仇的多米尼克，一边是历练多年的警探布莱恩（保罗·沃克 Paul Walker 饰），两人再次携手，目标直指大毒枭巴尔加。一场急速复仇就此展开……,"https://img1.doubanio.com/view/photo/sqxs/public/p1675696467.jpg,https://img2.doubanio.com/view/photo/sqxs/public/p1423119271.jpg,https://img1.doubanio.com/view/photo/sqxs/public/p2036893587.jpg,https://img1.doubanio.com/view/photo/sqxs/public/p2181407660.jpg",https://vt1.doubanio.com/202305231844/1ac7ff6c37cceffa36c2757dc1b356df/view/movie/M/301000586-1.mp4
林丛,9.0,家有儿女,"宋丹丹,高亚麟,张一山,杨紫,尤浩然",https://movie.douban.com/subject/2160565/,2005,"喜剧,家庭", 中国大陆, 汉语普通话,2005-02-12,33,46173,"63.0%,28.6%,6.1%,0.6%,1.6%",儿童编导夏东海（高亚麟 饰）离婚后带着儿子夏雨（尤浩然 饰）回国发展，与在国内长大的女儿夏雪（杨紫 饰）团聚了。后来夏东海跟某医院护士长刘梅（宋丹丹 饰）结婚了，刘梅也是离婚了独自带着儿子刘星（张一山 饰）生活。这个一家5口的重组家庭，夫妻两人都非常关心孩子们的健康成长，但教育方式的不同，而且孩子们都十分调皮捣蛋，闹出了不少令人捧腹大笑却又让人深思的故事。,"https://img1.doubanio.com/view/photo/sqxs/public/p2876520767.jpg,https://img1.doubanio.com/view/photo/sqxs/public/p2876520769.jpg,https://img1.doubanio.com/view/photo/sqxs/public/p2876880967.jpg,https://img2.doubanio.com/view/photo/sqxs/public/p2876588673.jpg,https://img1.doubanio.com/view/photo/sqxs/public/p2876793970.jpg",0
